;Country;Year;AreaInK2;Population;PopAnnualGrowthRate;PopDensity;InfantMortalityRate
0;Afghanistan;2008;652230;27703539;3.268;42.5;131.62
1;Afghanistan;2009;652230;28480801;2.279;43.7;129.69
2;Afghanistan;2010;652230;29116851;2.139;44.6;127.79
3;Afghanistan;2011;652230;29752169;2.177;45.6;125.79
4;Afghanistan;2012;652230;30412510;2.213;46.6;123.82
5;Afghanistan;2013;652230;31098161;2.246;47.7;121.88
6;Afghanistan;2014;652230;31809829;2.279;48.8;119.96
7;Afghanistan;2015;652230;32547550;2.306;49.9;118.07
8;Afghanistan;2016;652230;33310667;2.329;51.1;116.13
9;Afghanistan;2017;652230;34097944;2.343;52.3;114.21
10;Afghanistan;2018;652230;34907481;2.35;53.5;112.32
11;Afghanistan;2019;652230;35739709;2.362;54.8;110.47
12;Albania;2007;27398;2991573;-0.347;109.2;12.23
13;Albania;2009;27398;2983560;0.081;108.9;12.09
14;Albania;2010;27398;2989272;0.302;109.1;12.03
15;Albania;2011;27398;2998428;0.31;109.4;11.96
16;Albania;2012;27398;3007803;0.314;109.8;11.9
17;Albania;2013;27398;3017282;0.315;110.1;11.83
18;Albania;2014;27398;3026779;0.314;110.5;11.77
19;Albania;2015;27398;3036304;0.315;110.8;11.7
20;Albania;2016;27398;3045854;0.313;111.2;11.64
21;Albania;2017;27398;3055278;0.305;111.5;11.57
22;Albania;2018;27398;3064357;0.289;111.8;11.51
23;Albania;2019;27398;3072944;0.271;112.2;11.45
24;Albania;2020;27398;3080930;0.248;112.5;11.39
25;Algeria;2011;2381740;36653828;1.931;15.4;24.69
26;Algeria;2012;2381740;37365369;1.915;15.7;24.22
27;Algeria;2017;2381740;40952312;1.697;17.2;21.99
28;Algeria;2018;2381740;41638373;1.626;17.5;21.57
29;Algeria;2019;2381740;42305560;1.554;17.8;21.16
30;Angola;2011;1246700;23499214;3.724;18.8;79.01
31;Angola;2012;1246700;24407498;3.858;19.6;77.03
32;Angola;2013;1246700;25353587;3.75;20.3;75.09
33;Angola;2014;1246700;26314148;3.688;21.1;73.2
34;Argentina;2006;2736690;39761782;0.954;14.5;12.63
35;Argentina;2007;2736690;40134011;0.91;14.7;13.32
36;Argentina;2008;2736690;40531409;1.06;14.8;12.91
37;Argentina;2009;2736690;40943942;0.966;15.0;12.21
38;Argentina;2010;2736690;41358093;1.047;15.1;11.92
39;Argentina;2011;2736690;41791721;1.039;15.3;11.71
40;Argentina;2012;2736690;42216144;0.982;15.4;10.89
41;Argentina;2013;2736690;42635451;0.995;15.6;10.93
42;Argentina;2014;2736690;43057355;0.975;15.7;10.76
43;Argentina;2015;2736690;43474406;0.953;15.9;10.59
44;Argentina;2016;2736690;43886223;0.932;16.0;10.42
45;Argentina;2017;2736690;44292731;0.912;16.2;10.25
46;Argentina;2018;2736690;44693790;0.891;16.3;10.08
47;Argentina;2019;2736690;45089449;0.872;16.5;9.92
48;Argentina;2020;2736690;45479650;0.852;16.6;9.76
49;Armenia;2006;28203;3081103;-0.095;109.2;17.57
50;Armenia;2007;28203;3078608;-0.067;109.2;17.07
51;Armenia;2008;28203;3076467;-0.073;109.1;16.71
52;Armenia;2009;28203;3074270;-0.07;109.0;16.7
53;Armenia;2010;28203;3071974;-0.079;108.9;16.48
54;Armenia;2011;28203;3069561;-0.078;108.8;15.45
55;Armenia;2012;28203;3067011;-0.088;108.7;15.13
56;Armenia;2013;28203;3064086;-0.103;108.6;14.82
57;Armenia;2014;28203;3060577;-0.127;108.5;14.51
58;Armenia;2015;28203;3056294;-0.154;108.4;14.2
59;Armenia;2016;28203;3051140;-0.184;108.2;13.91
60;Armenia;2017;28203;3045086;-0.213;108.0;13.61
61;Armenia;2018;28203;3038152;-0.243;107.7;13.33
62;Armenia;2019;28203;3030310;-0.274;107.4;13.05
63;Australia;2007;7682300;20610385;1.899;2.7;4.29
64;Australia;2008;7682300;21040262;2.226;2.7;4.19
65;Australia;2010;7682300;21839563;1.495;2.8;4.13
66;Australia;2011;7682300;22183001;1.625;2.9;3.79
67;Australia;2012;7682300;22563165;1.773;2.9;3.36
68;Australia;2013;7682300;22946421;1.598;3.0;3.53
69;Australia;2014;7682300;23292143;1.395;3.0;3.32
70;Australia;2015;7682300;23618255;1.386;3.1;3.26
71;Australia;2016;7682300;23980152;1.653;3.1;3.17
72;Australia;2017;7682300;24370179;1.574;3.2;3.12
73;Australia;2018;7682300;24748006;1.503;3.2;3.12
74;Australia;2019;7682300;25113987;1.433;3.3;3.11
75;Australia;2020;7682300;25467706;1.365;3.3;3.1
76;Austria;2006;82445;8352180;0.332;101.3;3.59
77;Austria;2008;82445;8406796;0.325;102.0;3.72
78;Austria;2010;82445;8447901;0.271;102.5;3.95
79;Austria;2011;82445;8475092;0.372;102.8;3.56
80;Austria;2012;82445;8512930;0.519;103.3;3.54
81;Austria;2013;82445;8562327;0.638;103.9;3.51
82;Austria;2014;82445;8615171;0.593;104.5;3.48
83;Austria;2015;82445;8664442;0.548;105.1;3.46
84;Austria;2016;82445;8710175;0.505;105.6;3.44
85;Austria;2017;82445;8752360;0.462;106.2;3.41
86;Austria;2018;82445;8790907;0.417;106.6;3.39
87;Austria;2019;82445;8825644;0.371;107.0;3.37
88;Austria;2020;82445;8856348;0.323;107.4;3.34
89;Azerbaijan;2006;82629;8919169;1.081;107.9;36.31
90;Azerbaijan;2007;82629;9015038;1.058;109.1;32.92
91;Azerbaijan;2008;82629;9111089;1.062;110.3;31.86
92;Azerbaijan;2009;82629;9206777;1.028;111.4;32.19
93;Azerbaijan;2010;82629;9301693;1.023;112.6;31.43
94;Azerbaijan;2011;82629;9397346;1.023;113.7;30.68
95;Azerbaijan;2012;82629;9493724;1.018;114.9;29.96
96;Azerbaijan;2013;82629;9590337;1.007;116.1;29.25
97;Azerbaijan;2014;82629;9686433;0.987;117.2;28.56
98;Azerbaijan;2015;82629;9781046;0.957;118.4;27.88
99;Azerbaijan;2016;82629;9873095;0.916;119.5;27.21
100;Azerbaijan;2017;82629;9961850;0.874;120.6;26.57
101;Azerbaijan;2018;82629;10047186;0.833;121.6;25.93
102;Azerbaijan;2019;82629;10129069;0.791;122.6;25.31
103;Bahrain;2009;760;1144371;3.178;1505.8;12.59
104;Bahrain;2010;760;1180087;2.971;1552.7;12.46
105;Bahrain;2011;760;1214703;2.813;1598.3;12.13
106;Bangladesh;2006;130170;140316899;1.225;1078.0;49.85
107;Bangladesh;2007;130170;141908028;1.031;1090.2;47.58
108;Bangladesh;2008;130170;143350005;0.991;1101.3;45.41
109;Bangladesh;2009;130170;144899170;1.158;1113.2;43.35
110;Bangladesh;2010;130170;146553896;1.114;1125.9;41.37
111;Bangladesh;2011;130170;148179747;1.093;1138.4;39.48
112;Bangladesh;2012;130170;149790601;1.07;1150.7;38.55
113;Bangladesh;2013;130170;151383334;1.046;1163.0;37.63
114;Bangladesh;2015;130170;154500279;0.99;1186.9;35.87
115;Bangladesh;2016;130170;156085586;1.051;1199.1;35.05
116;Bangladesh;2017;130170;157720078;1.033;1211.6;34.25
117;Bangladesh;2018;130170;159341784;1.013;1224.1;33.46
118;Bangladesh;2019;130170;160947649;0.992;1236.4;32.69
119;Bangladesh;2020;130170;162532538;0.968;1248.6;31.94
120;Belarus;2006;202900;9763711;-0.37;48.1;6.29
121;Belarus;2007;202900;9733326;-0.254;48.0;4.35
122;Belarus;2009;202900;9696331;-0.14;47.8;3.75
123;Belarus;2010;202900;9680067;-0.196;47.7;3.76
124;Belarus;2011;202900;9661277;-0.193;47.6;3.72
125;Belarus;2012;202900;9642669;-0.193;47.5;3.67
126;Belarus;2013;202900;9623929;-0.196;47.4;3.63
127;Belarus;2014;202900;9604682;-0.204;47.3;3.59
128;Belarus;2015;202900;9584589;-0.215;47.2;3.55
129;Belarus;2016;202900;9563641;-0.223;47.1;3.5
130;Belarus;2017;202900;9541820;-0.234;47.0;3.46
131;Belarus;2018;202900;9518834;-0.248;46.9;3.42
132;Belarus;2019;202900;9494495;-0.264;46.8;3.38
133;Belgium;2007;30278;10610154;0.743;350.4;3.95
134;Belgium;2008;30278;10692800;0.809;353.2;3.81
135;Belgium;2010;30278;10865721;0.857;358.9;3.61
136;Belgium;2011;30278;10962547;0.918;362.1;3.51
137;Belgium;2012;30278;11058132;0.819;365.2;3.57
138;Belgium;2013;30278;11147559;0.792;368.2;3.54
139;Belgium;2014;30278;11234661;0.765;371.1;3.5
140;Belgium;2015;30278;11319441;0.739;373.9;3.47
141;Belgium;2016;30278;11401905;0.713;376.6;3.43
142;Belgium;2017;30278;11482059;0.688;379.2;3.39
143;Belgium;2018;30278;11559893;0.663;381.8;3.35
144;Belgium;2019;30278;11635321;0.638;384.3;3.32
145;Belgium;2020;30278;11708235;0.612;386.7;3.29
146;Belize;2007;22806;303437;2.532;13.3;17.3
147;Belize;2014;22806;356767;2.059;15.6;13.86
148;Benin;2006;110622;8088414;2.885;73.1;76.68
149;Benin;2008;110622;8602404;3.194;77.8;74.38
150;Benin;2011;110622;9485681;3.31;85.7;71.07
151;Benin;2012;110622;9804697;3.305;88.6;70.02
152;Benin;2013;110622;10134506;3.311;91.6;68.97
153;Benin;2014;110622;10479345;3.379;94.7;67.95
154;Benin;2015;110622;10841374;3.412;98.0;66.32
155;Benin;2016;110622;11219731;3.447;101.4;64.73
156;Benin;2017;110622;11612447;3.433;105.0;63.17
157;Benin;2018;110622;12016866;3.414;108.6;61.66
158;Benin;2019;110622;12432985;3.394;112.4;60.18
159;Benin;2020;110622;12861152;3.377;116.3;58.73
160;Bhutan;2013;38394;786911;1.158;20.5;46.67
161;Bhutan;2014;38394;795992;1.136;20.7;45.18
162;Bhutan;2015;38394;804986;1.111;21.0;43.74
163;Bolivia;2006;1083301;9235914;1.895;8.5;53.88
164;Bolivia;2007;1083301;9410502;1.851;8.7;52.76
165;Bolivia;2008;1083301;9584083;1.805;8.8;51.66
166;Bolivia;2009;1083301;9756228;1.756;9.0;50.58
167;Bolivia;2010;1083301;9926453;1.704;9.2;49.52
168;Bolivia;2011;1083301;10095660;1.677;9.3;48.49
169;Bolivia;2012;1083301;10264809;1.647;9.5;47.47
170;Bolivia;2013;1083301;10433587;1.615;9.6;46.48
171;Bolivia;2014;1083301;10601674;1.581;9.8;45.51
172;Bolivia;2015;1083301;10768686;1.545;9.9;44.55
173;Bolivia;2016;1083301;10935046;1.521;10.1;43.62
174;Bolivia;2017;1083301;11101210;1.495;10.2;42.71
175;Bolivia;2018;1083301;11266896;1.468;10.4;41.81
176;Bolivia;2019;1083301;11431822;1.439;10.6;40.93
177;Bolivia;2020;1083301;11595674;1.408;10.7;40.08
178;Bosnia and Herzegovina;2007;51187;3891846;-0.092;76.0;6.91
179;Bosnia and Herzegovina;2009;51187;3886939;-0.046;75.9;6.52
180;Bosnia and Herzegovina;2010;51187;3884835;-0.062;75.9;6.41
181;Bosnia and Herzegovina;2011;51187;3882129;-0.078;75.8;6.31
182;Bosnia and Herzegovina;2012;51187;3878827;-0.093;75.8;6.2
183;Bosnia and Herzegovina;2013;51187;3874948;-0.107;75.7;6.1
184;Bosnia and Herzegovina;2014;51187;3870503;-0.122;75.6;6.0
185;Bosnia and Herzegovina;2015;51187;3865491;-0.137;75.5;5.9
186;Bosnia and Herzegovina;2016;51187;3859923;-0.151;75.4;5.81
187;Bosnia and Herzegovina;2017;51187;3853839;-0.164;75.3;5.71
188;Bosnia and Herzegovina;2018;51187;3847289;-0.176;75.2;5.62
189;Bosnia and Herzegovina;2019;51187;3840279;-0.189;75.0;5.52
190;Bosnia and Herzegovina;2020;51187;3832751;-0.204;74.9;5.43
191;Botswana;2006;566730;1845723;1.762;3.3;44.4
192;Botswana;2008;566730;1911356;1.73;3.4;42.02
193;Botswana;2010;566730;1977723;1.682;3.5;39.77
194;Botswana;2011;566730;2011047;1.66;3.5;37.99
195;Botswana;2012;566730;2044538;1.644;3.6;36.28
196;Botswana;2013;566730;2078279;1.63;3.7;34.66
197;Botswana;2014;566730;2112235;1.611;3.7;33.1
198;Botswana;2015;566730;2146296;1.588;3.8;31.61
199;Botswana;2016;566730;2180441;1.569;3.8;30.58
200;Botswana;2017;566730;2214659;1.546;3.9;29.58
201;Botswana;2018;566730;2248863;1.52;4.0;28.62
202;Botswana;2019;566730;2282973;1.491;4.0;27.68
203;Brazil;2007;8358140;190325067;1.055;22.8;24.41
204;Brazil;2008;8358140;192295343;1.005;23.0;23.92
205;Brazil;2009;8358140;194191608;0.957;23.2;23.44
206;Brazil;2010;8358140;196014513;0.911;23.5;22.98
207;Brazil;2011;8358140;197784310;0.886;23.7;22.52
208;Brazil;2013;8358140;201218594;0.835;24.1;21.63
209;Brazil;2014;8358140;202877547;0.807;24.3;21.2
210;Brazil;2015;8358140;204493569;0.779;24.5;20.77
211;Brazil;2016;8358140;206071939;0.758;24.7;20.36
212;Brazil;2017;8358140;207618016;0.737;24.8;19.95
213;Brazil;2018;8358140;209129768;0.714;25.0;19.56
214;Brazil;2019;8358140;210604687;0.691;25.2;19.17
215;Brazil;2020;8358140;212041332;0.669;25.4;18.78
216;Bulgaria;2007;108489;7509499;-0.63;69.2;11.4
217;Bulgaria;2010;108489;7391080;-0.54;68.1;11.17
218;Bulgaria;2011;108489;7350505;-0.561;67.8;10.15
219;Bulgaria;2012;108489;7308614;-0.582;67.4;9.46
220;Bulgaria;2013;108489;7267962;-0.533;67.0;8.9
221;Bulgaria;2014;108489;7228135;-0.566;66.6;8.82
222;Bulgaria;2015;108489;7186710;-0.584;66.2;8.73
223;Bulgaria;2016;108489;7144269;-0.601;65.9;8.65
224;Bulgaria;2017;108489;7100884;-0.617;65.5;8.56
225;Bulgaria;2018;108489;7056613;-0.633;65.0;8.48
226;Bulgaria;2019;108489;7011475;-0.65;64.6;8.39
227;Bulgaria;2020;108489;6965462;-0.667;64.2;8.31
228;Burkina Faso;2006;273800;13947108;2.754;50.9;74.73
229;Burkina Faso;2007;273800;14340736;2.811;52.4;72.48
230;Burkina Faso;2008;273800;14753815;2.867;53.9;70.3
231;Burkina Faso;2010;273800;15633854;2.923;57.1;66.12
232;Burkina Faso;2011;273800;16098955;2.939;58.8;64.6
233;Burkina Faso;2012;273800;16599121;3.176;60.6;63.11
234;Burkina Faso;2013;273800;17109478;2.885;62.5;61.65
235;Burkina Faso;2014;273800;17613799;2.924;64.3;60.23
236;Burkina Faso;2015;273800;18133139;2.888;66.2;58.84
237;Burkina Faso;2016;273800;18661548;2.857;68.2;57.41
238;Burkina Faso;2017;273800;19198909;2.821;70.1;56.01
239;Burkina Faso;2018;273800;19741483;2.754;72.1;54.65
240;Burkina Faso;2019;273800;20286336;2.692;74.1;53.32
241;Burundi;2008;25680;8317555;4.353;323.9;61.84
242;Burundi;2009;25680;8740453;5.534;340.4;59.27
243;Burundi;2011;25680;9439776;3.027;367.6;54.44
244;Burundi;2014;25680;10379547;2.998;404.2;47.92
245;Burundi;2018;25680;11221770;2.528;437.0;42.54
246;Cambodia;2008;176515;14087680;1.789;79.8;60.0
247;Cambodia;2009;176515;14338827;1.745;81.2;58.39
248;Cambodia;2010;176515;14587864;1.699;82.6;57.21
249;Cambodia;2011;176515;14837202;1.691;84.1;56.05
250;Cambodia;2012;176515;15089167;1.677;85.5;54.91
251;Cambodia;2013;176515;15342756;1.656;86.9;53.79
252;Cambodia;2014;176515;15595999;1.618;88.4;52.7
253;Cambodia;2015;176515;15846784;1.573;89.8;51.62
254;Cambodia;2016;176515;16095727;1.545;91.2;50.57
255;Cambodia;2017;176515;16343705;1.513;92.6;49.54
256;Cambodia;2019;176515;16832693;1.43;95.4;47.54
257;Cambodia;2020;176515;17070744;1.379;96.7;46.57
258;Cameroon;2006;472710;18655414;2.692;39.5;78.11
259;Cameroon;2007;472710;19184987;2.903;40.6;75.68
260;Cameroon;2008;472710;19746892;2.871;41.8;73.33
261;Cameroon;2009;472710;20320122;2.852;43.0;71.05
262;Cameroon;2010;472710;20899959;2.776;44.2;68.84
263;Cameroon;2011;472710;21481851;2.717;45.4;66.69
264;Cameroon;2012;472710;22073688;2.718;46.7;64.47
265;Cameroon;2013;472710;22689999;2.788;48.0;62.31
266;Cameroon;2014;472710;23398896;3.356;49.5;60.23
267;Cameroon;2015;472710;24155633;3.015;51.1;58.68
268;Cameroon;2016;472710;24874070;2.849;52.6;57.17
269;Cameroon;2017;472710;25555473;2.56;54.1;55.69
270;Cameroon;2018;472710;26245577;2.766;55.5;54.25
271;Cameroon;2019;472710;26983060;2.776;57.1;52.85
272;Cameroon;2020;472710;27743599;2.783;58.7;51.49
273;Canada;2005;9093507;32390571;0.829;3.6;5.47
274;Canada;2008;9093507;33393043;1.225;3.7;5.08
275;Canada;2009;9093507;33802573;1.213;3.7;4.97
276;Canada;2010;9093507;34200883;1.131;3.8;4.86
277;Canada;2011;9093507;34581269;1.082;3.8;4.75
278;Canada;2012;9093507;34974489;1.179;3.8;4.81
279;Canada;2013;9093507;35386802;1.165;3.9;4.92
280;Canada;2014;9093507;35748891;0.872;3.9;4.89
281;Canada;2015;9093507;36069803;0.915;4.0;4.52
282;Canada;2016;9093507;36404804;0.934;4.0;4.49
283;Canada;2017;9093507;36731939;0.855;4.0;4.49
284;Canada;2018;9093507;37043971;0.836;4.1;4.5
285;Canada;2019;9093507;37350365;0.811;4.1;4.5
286;Canada;2020;9093507;37649603;0.785;4.1;4.51
287;Central African Republic;2007;622984;4451775;1.436;7.1;103.77
288;Central African Republic;2010;622984;4683051;1.934;7.5;99.44
289;Central African Republic;2011;622984;4779344;2.135;7.7;98.03
290;Central African Republic;2016;622984;4970639;1.843;8.0;91.11
291;Central African Republic;2017;622984;5041175;0.981;8.1;89.67
292;Chad;2006;1259200;10345994;3.83;8.2;90.15
293;Chad;2007;1259200;10731434;3.491;8.5;88.55
294;Chad;2008;1259200;11135832;3.899;8.8;86.98
295;Chad;2009;1259200;11562812;3.631;9.2;85.43
296;Chad;2010;1259200;11989444;3.615;9.5;83.92
297;Chad;2011;1259200;12438622;3.738;9.9;82.43
298;Chad;2012;1259200;12899944;3.548;10.2;80.96
299;Chad;2013;1259200;13385231;3.831;10.6;79.53
300;Chad;2014;1259200;13887656;3.543;11.0;78.12
301;Chad;2015;1259200;14349217;3.004;11.4;76.73
302;Chad;2016;1259200;14820349;3.449;11.8;75.03
303;Chad;2017;1259200;15326202;3.266;12.2;73.36
304;Chad;2018;1259200;15832084;3.229;12.6;71.74
305;Chad;2019;1259200;16348657;3.192;13.0;70.14
306;Chile;2006;743812;16130387;0.941;21.7;7.96
307;Chile;2007;743812;16283044;0.943;21.9;8.21
308;Chile;2008;743812;16441035;0.988;22.1;8.0
309;Chile;2009;743812;16602032;0.961;22.3;7.89
310;Chile;2010;743812;16760187;0.935;22.5;7.79
311;Chile;2011;743812;16915465;0.909;22.7;7.68
312;Chile;2012;743812;17067800;0.884;22.9;7.58
313;Chile;2013;743812;17217196;0.859;23.1;7.48
314;Chile;2014;743812;17363760;0.836;23.3;7.38
315;Chile;2015;743812;17507482;0.813;23.5;7.29
316;Chile;2016;743812;17648507;0.792;23.7;7.19
317;Chile;2017;743812;17786791;0.769;23.9;7.1
318;Chile;2018;743812;17921978;0.745;24.1;7.0
319;Chile;2019;743812;18053934;0.722;24.3;6.91
320;Chile;2020;743812;18182486;0.697;24.4;6.82
321;Colombia;2006;1038700;41977573;1.345;40.4;19.89
322;Colombia;2007;1038700;42542896;1.331;41.0;19.21
323;Colombia;2008;1038700;43109863;1.317;41.5;18.56
324;Colombia;2009;1038700;43678380;1.303;42.1;17.93
325;Colombia;2010;1038700;44247729;1.287;42.6;17.33
326;Colombia;2011;1038700;44817149;1.27;43.1;16.74
327;Colombia;2012;1038700;45386063;1.253;43.7;16.17
328;Colombia;2013;1038700;45954181;1.235;44.2;15.63
329;Colombia;2014;1038700;46520917;1.216;44.8;15.1
330;Colombia;2015;1038700;47085131;1.195;45.3;14.58
331;Colombia;2016;1038700;47645491;1.171;45.9;14.29
332;Colombia;2017;1038700;48200827;1.146;46.4;14.0
333;Colombia;2018;1038700;48750374;1.121;46.9;13.72
334;Colombia;2019;1038700;49293325;1.094;47.5;13.44
335;Colombia;2020;1038700;49828664;1.066;48.0;13.17
336;Comoros;2009;2235;693695;2.389;310.4;73.33
337;Comoros;2010;2235;710089;2.284;317.7;71.94
338;Comoros;2011;2235;726117;2.181;324.9;70.57
339;Comoros;2012;2235;741756;2.081;331.9;69.23
340;Comoros;2018;2235;826707;1.58;369.9;61.68
341;Comoros;2019;2235;839591;1.513;375.7;60.5
342;Congo (Brazzaville);2011;341500;4379196;3.186;12.8;63.82
343;Congo (Brazzaville);2012;341500;4489950;1.826;13.1;62.29
344;Congo (Brazzaville);2013;341500;4574052;1.885;13.4;60.8
345;Congo (Brazzaville);2014;341500;4662366;1.939;13.7;59.34
346;Congo (Brazzaville);2015;341500;4754983;1.994;13.9;57.92
347;Congo (Brazzaville);2016;341500;4852262;2.055;14.2;56.39
348;Congo (Brazzaville);2017;341500;4954490;2.114;14.5;54.9
349;Congo (Brazzaville);2018;341500;5061805;2.171;14.8;53.46
350;Congo (Brazzaville);2019;341500;5174423;2.229;15.2;52.05
351;Congo (Kinshasa);2009;2267048;70299929;3.371;31.0;87.47
352;Congo (Kinshasa);2011;2267048;75337546;3.553;33.2;83.05
353;Congo (Kinshasa);2012;2267048;77998458;3.392;34.4;80.85
354;Congo (Kinshasa);2013;2267048;80747292;3.532;35.6;78.71
355;Congo (Kinshasa);2014;2267048;83589544;3.388;36.9;76.62
356;Congo (Kinshasa);2015;2267048;86458286;3.36;38.1;74.59
357;Congo (Kinshasa);2016;2267048;89429985;3.397;39.4;72.44
358;Congo (Kinshasa);2017;2267048;92453955;3.255;40.8;70.36
359;Costa Rica;2006;51060;4269767;1.419;83.6;10.52
360;Costa Rica;2007;51060;4331131;1.434;84.8;11.05
361;Costa Rica;2008;51060;4393180;1.411;86.0;10.86
362;Costa Rica;2009;51060;4454801;1.375;87.2;10.67
363;Costa Rica;2010;51060;4515673;1.339;88.4;10.48
364;Costa Rica;2011;51060;4575673;1.301;89.6;10.3
365;Costa Rica;2012;51060;4635159;1.282;90.8;10.12
366;Costa Rica;2013;51060;4694498;1.262;91.9;9.94
367;Costa Rica;2014;51060;4753585;1.24;93.1;9.77
368;Costa Rica;2015;51060;4812345;1.217;94.2;9.6
369;Costa Rica;2016;51060;4870671;1.192;95.4;9.43
370;Costa Rica;2017;51060;4928413;1.165;96.5;9.26
371;Costa Rica;2018;51060;4985424;1.136;97.6;9.1
372;Costa Rica;2019;51060;5041601;1.106;98.7;8.94
373;Croatia;2007;55974;4437353;-0.109;79.3;9.77
374;Croatia;2009;55974;4428935;-0.21;79.1;9.23
375;Croatia;2010;55974;4417475;-0.308;78.9;9.23
376;Croatia;2011;55974;4403676;-0.318;78.7;9.42
377;Croatia;2012;55974;4389754;-0.316;78.4;9.71
378;Croatia;2013;55974;4375160;-0.35;78.2;9.62
379;Croatia;2014;55974;4356748;-0.493;77.8;9.96
380;Croatia;2015;55974;4335285;-0.494;77.5;9.81
381;Croatia;2016;55974;4313911;-0.494;77.1;9.66
382;Croatia;2017;55974;4292667;-0.493;76.7;9.51
383;Croatia;2018;55974;4271543;-0.493;76.3;9.36
384;Croatia;2019;55974;4250505;-0.494;75.9;9.21
385;Croatia;2020;55974;4229585;-0.493;75.6;9.07
386;Cyprus;2006;9241;1031032;1.763;111.6;11.1
387;Cyprus;2009;9241;1084776;1.692;117.4;10.6
388;Cyprus;2010;9241;1102726;1.666;119.3;10.3
389;Cyprus;2011;9241;1120567;1.62;121.3;10.25
390;Cyprus;2012;9241;1138183;1.574;123.2;9.98
391;Cyprus;2013;9241;1155556;1.527;125.0;9.89
392;Cyprus;2014;9241;1172653;1.48;126.9;9.75
393;Cyprus;2015;9241;1189441;1.431;128.7;9.55
394;Cyprus;2016;9241;1205878;1.38;130.5;9.39
395;Cyprus;2017;9241;1221929;1.329;132.2;9.31
396;Cyprus;2018;9241;1237560;1.277;133.9;9.12
397;Cyprus;2019;9241;1252725;1.222;135.6;9.02
398;Czech Republic;2007;77247;10365254;0.906;134.2;3.26
399;Czech Republic;2010;77247;10550886;0.246;136.6;2.65
400;Czech Republic;2011;77247;10573222;0.177;136.9;2.63
401;Czech Republic;2012;77247;10591594;0.17;137.1;2.61
402;Czech Republic;2013;77247;10609322;0.164;137.3;2.59
403;Czech Republic;2014;77247;10626503;0.159;137.6;2.57
404;Czech Republic;2015;77247;10643240;0.155;137.8;2.55
405;Czech Republic;2016;77247;10658627;0.134;138.0;2.53
406;Czech Republic;2017;77247;10671766;0.113;138.2;2.51
407;Czech Republic;2018;77247;10682727;0.092;138.3;2.49
408;Czech Republic;2020;77247;10698037;0.05;138.5;2.45
409;Denmark;2007;42434;5458200;0.56;128.6;3.96
410;Denmark;2008;42434;5491488;0.656;129.4;4.05
411;Denmark;2009;42434;5521707;0.442;130.1;3.01
412;Denmark;2010;42434;5546980;0.471;130.7;3.41
413;Denmark;2011;42434;5570463;0.374;131.3;3.39
414;Denmark;2012;42434;5592472;0.415;131.8;3.36
415;Denmark;2013;42434;5617172;0.466;132.4;3.42
416;Denmark;2014;42434;5647207;0.6;133.1;4.05
417;Denmark;2015;42434;5688232;0.847;134.0;3.73
418;Denmark;2016;42434;5733361;0.734;135.1;3.22
419;Denmark;2017;42434;5773404;0.658;136.1;3.2
420;Denmark;2018;42434;5809375;0.584;136.9;3.18
421;Denmark;2019;42434;5841245;0.51;137.7;3.16
422;Denmark;2020;42434;5868927;0.435;138.3;3.13
423;Djibouti;2008;23180;708122;2.147;30.5;63.15
424;Djibouti;2009;23180;723558;2.166;31.2;61.99
425;Djibouti;2011;23180;755961;2.235;32.6;59.49
426;Dominican Republic;2006;48320;8968957;1.327;185.6;29.95
427;Dominican Republic;2007;48320;9087233;1.294;188.1;29.38
428;Dominican Republic;2008;48320;9204020;1.261;190.5;28.81
429;Dominican Republic;2009;48320;9319215;1.227;192.9;28.26
430;Dominican Republic;2010;48320;9432674;1.193;195.2;27.71
431;Dominican Republic;2011;48320;9546749;1.211;197.6;27.26
432;Dominican Republic;2012;48320;9661072;1.17;199.9;26.82
433;Dominican Republic;2013;48320;9772789;1.13;202.3;26.39
434;Dominican Republic;2014;48320;9881761;1.088;204.5;25.96
435;Dominican Republic;2015;48320;9987801;1.047;206.7;25.55
436;Dominican Republic;2016;48320;10092031;1.03;208.9;24.84
437;Dominican Republic;2017;48320;10195531;1.011;211.0;24.15
438;Dominican Republic;2018;48320;10298027;0.99;213.1;23.48
439;Dominican Republic;2019;48320;10399252;0.967;215.2;22.83
440;Dominican Republic;2020;48320;10498946;0.942;217.3;22.2
441;Ecuador;2006;276841;13915489;1.547;50.3;24.47
442;Ecuador;2007;276841;14132755;1.551;51.1;24.03
443;Ecuador;2008;276841;14351557;1.522;51.8;23.6
444;Ecuador;2009;276841;14569419;1.492;52.6;23.18
445;Ecuador;2010;276841;14786116;1.461;53.4;22.76
446;Ecuador;2011;276841;15002033;1.438;54.2;22.35
447;Ecuador;2012;276841;15217573;1.415;55.0;21.95
448;Ecuador;2013;276841;15432555;1.391;55.7;21.55
449;Ecuador;2014;276841;15646805;1.367;56.5;21.17
450;Ecuador;2015;276841;15860106;1.342;57.3;20.79
451;Ecuador;2016;276841;16071878;1.311;58.1;20.41
452;Ecuador;2017;276841;16281498;1.28;58.8;20.04
453;Ecuador;2018;276841;16488667;1.249;59.6;19.68
454;Ecuador;2019;276841;16693091;1.216;60.3;19.33
455;Ecuador;2020;276841;16894461;1.182;61.0;18.98
456;Egypt;2009;995450;79317792;2.336;79.7;25.55
457;Egypt;2010;995450;81238995;2.449;81.6;24.48
458;Egypt;2011;995450;83298127;2.555;83.7;23.61
459;Egypt;2012;995450;85458028;2.564;85.8;22.77
460;Egypt;2013;995450;87679238;2.567;88.1;21.96
461;Egypt;2014;995450;89958951;2.566;90.4;21.47
462;Egypt;2015;995450;92296133;2.564;92.7;20.98
463;Egypt;2016;995450;94665024;2.505;95.1;20.5
464;El Salvador;2006;20721;5905773;-0.153;285.0;20.34
465;El Salvador;2007;20721;5911386;0.342;285.3;19.33
466;El Salvador;2008;20721;5933968;0.42;286.4;18.37
467;El Salvador;2009;20721;5954121;0.258;287.3;17.46
468;El Salvador;2010;20721;5966820;0.168;288.0;16.59
469;El Salvador;2011;20721;5984029;0.408;288.8;15.77
470;El Salvador;2012;20721;6032632;1.207;291.1;14.98
471;El Salvador;2013;20721;6120762;1.69;295.4;14.24
472;El Salvador;2014;20721;6178552;0.196;298.2;13.99
473;El Salvador;2015;20721;6205387;0.67;299.5;13.75
474;El Salvador;2016;20721;6248359;0.711;301.5;13.52
475;El Salvador;2017;20721;6303924;1.059;304.2;13.29
476;El Salvador;2018;20721;6368195;0.971;307.3;13.06
477;El Salvador;2019;20721;6427299;0.877;310.2;12.84
478;El Salvador;2020;20721;6480810;0.781;312.8;12.62
479;Estonia;2006;42388;1322944;-0.647;31.2;4.88
480;Estonia;2007;42388;1316118;-0.387;31.0;5.35
481;Estonia;2008;42388;1311467;-0.32;30.9;5.08
482;Estonia;2009;42388;1307409;-0.299;30.8;3.7
483;Estonia;2011;42388;1297236;-0.454;30.6;2.59
484;Estonia;2012;42388;1288868;-0.841;30.4;3.83
485;Estonia;2013;42388;1279726;-0.582;30.2;3.79
486;Estonia;2014;42388;1272393;-0.568;30.0;3.75
487;Estonia;2015;42388;1265255;-0.557;29.8;3.71
488;Estonia;2016;42388;1258272;-0.55;29.7;3.67
489;Estonia;2017;42388;1251222;-0.574;29.5;3.63
490;Estonia;2018;42388;1243890;-0.601;29.3;3.59
491;Estonia;2019;42388;1236253;-0.63;29.2;3.55
492;Estonia;2020;42388;1228296;-0.661;29.0;3.52
493;Ethiopia;2013;1096570;89333993;2.792;81.5;48.28
494;Ethiopia;2014;1096570;91942495;2.961;83.8;46.17
495;Ethiopia;2015;1096570;94621003;2.784;86.3;44.14
496;Ethiopia;2016;1096570;97266995;2.732;88.7;42.33
497;Ethiopia;2017;1096570;99963283;2.736;91.2;40.58
498;Ethiopia;2018;1096570;102674812;2.618;93.6;38.91
499;Ethiopia;2019;1096570;105376083;2.576;96.1;37.3
500;Ethiopia;2020;1096570;108108470;2.544;98.6;35.76
501;Finland;2006;303815;5257972;0.402;17.3;2.78
502;Finland;2008;303815;5304716;0.488;17.5;2.77
503;Finland;2010;303815;5354669;0.445;17.6;2.43
504;Finland;2011;303815;5379679;0.487;17.7;2.48
505;Finland;2012;303815;5405387;0.467;17.8;2.3
506;Finland;2013;303815;5430351;0.455;17.9;2.25
507;Finland;2014;303815;5454465;0.431;18.0;2.24
508;Finland;2015;303815;5477371;0.407;18.0;2.23
509;Finland;2016;303815;5499022;0.382;18.1;2.22
510;Finland;2017;303815;5519372;0.357;18.2;2.21
511;Finland;2018;303815;5538400;0.332;18.2;2.2
512;Finland;2019;303815;5556081;0.306;18.3;2.19
513;Finland;2020;303815;5572355;0.279;18.3;2.18
514;France;2006;640427;63451017;0.665;99.1;3.94
515;France;2008;640427;64213993;0.568;100.3;3.63
516;France;2009;640427;64573487;0.543;100.8;3.66
517;France;2010;640427;64934209;0.566;101.4;3.53
518;France;2011;640427;65294831;0.537;102.0;3.5
519;France;2012;640427;65638922;0.509;102.5;3.46
520;France;2013;640427;65966626;0.482;103.0;3.43
521;France;2014;640427;66278308;0.456;103.5;3.4
522;France;2015;640427;66575000;0.432;104.0;3.37
523;France;2016;640427;66857439;0.409;104.4;3.33
524;France;2017;640427;67126156;0.388;104.8;3.31
525;France;2018;640427;67382001;0.368;105.2;3.29
526;France;2019;640427;67625957;0.35;105.6;3.27
527;France;2020;640427;67858873;0.333;106.0;3.24
528;Gabon;2011;257667;1684612;3.169;6.5;43.48
529;Gabon;2012;257667;1743383;3.68;6.8;41.78
530;Gabon;2013;257667;1808969;3.704;7.0;40.16
531;Gabon;2014;257667;1874420;3.409;7.3;38.59
532;Gabon;2015;257667;1937851;3.249;7.5;37.09
533;Gabon;2016;257667;1999879;3.055;7.8;35.64
534;Gabon;2017;257667;2060138;2.885;8.0;34.24
535;Gabon;2018;257667;2118701;2.723;8.2;32.9
536;Gabon;2019;257667;2175439;2.564;8.4;31.61
537;Gambia;2017;10120;2056778;2.039;203.2;69.59
538;Gambia;2018;10120;2098543;1.982;207.4;68.5
539;Gambia;2019;10120;2139912;1.923;211.5;67.43
540;Georgia;2006;69700;4830793;-0.072;69.3;21.88
541;Georgia;2007;69700;4824432;-0.191;69.2;21.08
542;Georgia;2008;69700;4823790;0.165;69.2;20.41
543;Georgia;2009;69700;4855888;1.158;69.7;19.8
544;Georgia;2010;69700;4902939;0.772;70.3;19.06
545;Georgia;2011;69700;4938340;0.667;70.9;18.49
546;Georgia;2012;69700;4950269;-0.184;71.0;17.81
547;Georgia;2013;69700;4942158;-0.144;70.9;17.5
548;Georgia;2014;69700;4935889;-0.11;70.8;17.19
549;Georgia;2015;69700;4931249;-0.078;70.7;16.88
550;Georgia;2016;69700;4928106;-0.049;70.7;16.58
551;Georgia;2017;69700;4926448;-0.018;70.7;16.29
552;Georgia;2018;69700;4926309;0.013;70.7;16.0
553;Georgia;2019;69700;4927734;0.045;70.7;15.72
554;Georgia;2020;69700;4930665;0.074;70.7;15.44
555;Germany;2007;348672;82236860;-0.12;235.9;3.91
556;Germany;2009;348672;81836138;-0.261;234.7;3.59
557;Germany;2010;348672;81638328;-0.223;234.1;3.56
558;Germany;2011;348672;81459066;-0.217;233.6;3.53
559;Germany;2012;348672;81285373;-0.21;233.1;3.5
560;Germany;2013;348672;81118341;-0.201;232.6;3.48
561;Germany;2014;348672;80958737;-0.192;232.2;3.45
562;Germany;2015;348672;80806711;-0.184;231.8;3.42
563;Germany;2016;348672;80665175;-0.167;231.3;3.39
564;Germany;2017;348672;80527161;-0.175;231.0;3.36
565;Germany;2018;348672;80382551;-0.184;230.5;3.34
566;Germany;2019;348672;80230554;-0.194;230.1;3.31
567;Germany;2020;348672;80069820;-0.207;229.6;3.28
568;Ghana;2006;227533;22201009;2.582;97.6;53.5
569;Ghana;2007;227533;22781416;2.58;100.1;51.91
570;Ghana;2008;227533;23368584;2.511;102.7;50.36
571;Ghana;2009;227533;23973904;2.603;105.4;48.86
572;Ghana;2010;227533;24608905;2.625;108.2;47.4
573;Ghana;2011;227533;25269204;2.669;111.1;45.57
574;Ghana;2012;227533;25944002;2.602;114.0;43.8
575;Ghana;2013;227533;26635950;2.661;117.1;42.1
576;Ghana;2014;227533;27349575;2.627;120.2;40.47
577;Ghana;2015;227533;28062643;2.522;123.3;38.9
578;Ghana;2016;227533;28769102;2.451;126.4;37.39
579;Ghana;2017;227533;29479431;2.427;129.6;36.53
580;Ghana;2018;227533;30197001;2.383;132.7;35.7
581;Ghana;2019;227533;30918261;2.338;135.9;34.88
582;Ghana;2020;227533;31643281;2.298;139.1;34.09
583;Greece;2007;130647;10982200;-0.05;84.1;3.55
584;Greece;2009;130647;11025521;0.223;84.4;3.14
585;Greece;2010;130647;11039844;0.037;84.5;3.75
586;Greece;2011;130647;11017574;-0.442;84.3;3.23
587;Greece;2012;130647;10948200;-0.823;83.8;2.84
588;Greece;2013;130647;10872247;-0.568;83.2;3.54
589;Greece;2014;130647;10801129;-0.745;82.7;3.71
590;Greece;2015;130647;10728157;-0.611;82.1;3.95
591;Greece;2016;130647;10703982;0.16;81.9;3.76
592;Greece;2017;130647;10698002;-0.272;81.9;3.74
593;Greece;2018;130647;10668856;-0.273;81.7;3.72
594;Greece;2019;130647;10638236;-0.301;81.4;3.69
595;Greece;2020;130647;10604841;-0.327;81.2;3.67
596;Guatemala;2006;107159;13007251;2.291;121.4;36.83
597;Guatemala;2007;107159;13305752;2.247;124.2;36.06
598;Guatemala;2008;107159;13605801;2.213;127.0;35.31
599;Guatemala;2009;107159;13906592;2.161;129.8;34.58
600;Guatemala;2010;107159;14211795;2.181;132.6;33.86
601;Guatemala;2011;107159;14518609;2.092;135.5;33.16
602;Guatemala;2012;107159;14823189;2.06;138.3;32.47
603;Guatemala;2013;107159;15125716;1.981;141.2;31.79
604;Guatemala;2014;107159;15425047;1.939;143.9;31.13
605;Guatemala;2015;107159;15720815;1.861;146.7;30.49
606;Guatemala;2016;107159;16007802;1.758;149.4;29.85
607;Guatemala;2017;107159;16289862;1.735;152.0;29.23
608;Guatemala;2018;107159;16572901;1.71;154.7;28.62
609;Guatemala;2019;107159;16856499;1.683;157.3;28.03
610;Guinea;2011;245717;9824572;2.636;40.0;68.97
611;Guinea;2012;245717;10083975;2.577;41.0;66.63
612;Guinea;2013;245717;10351170;2.652;42.1;64.36
613;Guinea;2014;245717;10631947;2.7;43.3;62.18
614;Guinea;2015;245717;10924380;2.726;44.5;60.06
615;Guinea;2016;245717;11224749;2.698;45.7;58.44
616;Guinea;2017;245717;11534259;2.741;46.9;56.86
617;Guinea;2018;245717;11855333;2.75;48.2;55.33
618;Guinea;2019;245717;12186302;2.757;49.6;53.83
619;Guyana;2007;196849;785687;0.29;4.0;32.31
620;Haiti;2006;27560;9216487;1.649;334.4;64.92
621;Haiti;2008;27560;9507769;1.522;345.0;61.45
622;Haiti;2010;27560;9553473;-1.141;346.6;79.46
623;Haiti;2011;27560;9669451;1.138;350.9;55.8
624;Haiti;2012;27560;9792754;1.395;355.3;54.03
625;Haiti;2013;27560;9921160;1.212;360.0;52.5
626;Haiti;2014;27560;10045783;1.284;364.5;51.02
627;Haiti;2015;27560;10251935;2.763;372.0;49.58
628;Haiti;2016;27560;10482997;1.706;380.4;48.18
629;Haiti;2017;27560;10643145;1.329;386.2;46.82
630;Haiti;2018;27560;10784028;1.301;391.3;45.38
631;Honduras;2006;111890;7359013;2.221;65.8;23.68
632;Honduras;2007;111890;7521702;2.153;67.2;22.75
633;Honduras;2008;111890;7682066;2.067;68.7;21.86
634;Honduras;2009;111890;7838603;1.968;70.1;21.0
635;Honduras;2010;111890;7991283;1.891;71.4;20.17
636;Honduras;2011;111890;8140827;1.818;72.8;19.37
637;Honduras;2012;111890;8287528;1.754;74.1;18.61
638;Honduras;2013;111890;8429141;1.635;75.3;17.88
639;Honduras;2014;111890;8545907;1.12;76.4;17.55
640;Honduras;2015;111890;8659991;1.53;77.4;17.23
641;Honduras;2016;111890;8768940;0.974;78.4;16.91
642;Honduras;2017;111890;8876162;1.453;79.3;16.6
643;Honduras;2018;111890;8999560;1.309;80.4;16.3
644;Honduras;2019;111890;9116618;1.276;81.5;16.0
645;Hungary;2007;89608;10034227;-0.148;112.0;5.83
646;Hungary;2009;89608;10006433;-0.155;111.7;5.55
647;Hungary;2010;89608;9989465;-0.185;111.5;5.47
648;Hungary;2011;89608;9970530;-0.195;111.3;5.4
649;Hungary;2012;89608;9950567;-0.206;111.0;5.32
650;Hungary;2013;89608;9929530;-0.217;110.8;5.25
651;Hungary;2014;89608;9907419;-0.228;110.6;5.17
652;Hungary;2015;89608;9884329;-0.238;110.3;5.1
653;Hungary;2016;89608;9860398;-0.247;110.0;5.03
654;Hungary;2017;89608;9835682;-0.255;109.8;4.96
655;Hungary;2018;89608;9810134;-0.265;109.5;4.89
656;Hungary;2019;89608;9783707;-0.275;109.2;4.83
657;Hungary;2020;89608;9756400;-0.284;108.9;4.76
658;Iceland;2008;100250;317363;1.258;3.2;2.54
659;Iceland;2012;100250;320531;0.705;3.2;1.72
660;Iceland;2013;100250;323744;1.287;3.2;1.71
661;Iceland;2015;100250;331919;1.207;3.3;1.7
662;Iceland;2016;100250;335881;1.167;3.4;1.7
663;Iceland;2017;100250;339755;1.127;3.4;1.69
664;Iceland;2020;100250;350773;0.999;3.5;1.68
665;India;2007;2973193;1124146318;1.466;378.1;55.13
666;India;2008;2973193;1140585853;1.437;383.6;53.78
667;India;2009;2973193;1156927730;1.408;389.1;52.47
668;India;2010;2973193;1173151870;1.377;394.6;51.19
669;India;2011;2973193;1189232895;1.346;400.0;50.01
670;India;2012;2973193;1205150580;1.314;405.3;48.85
671;India;2013;2973193;1220896247;1.283;410.6;47.72
672;India;2014;2973193;1236462428;1.251;415.9;46.62
673;India;2015;2973193;1251839298;1.221;421.0;45.54
674;India;2016;2973193;1267014153;1.189;426.1;44.49
675;India;2017;2973193;1281971225;1.158;431.2;43.47
676;India;2018;2973193;1296692353;1.126;436.1;42.47
677;India;2019;2973193;1311158140;1.093;441.0;41.49
678;India;2020;2973193;1325349639;1.06;445.8;40.53
679;Indonesia;2006;1811569;233666879;1.384;129.0;33.13
680;Indonesia;2007;1811569;236887116;1.354;130.8;31.84
681;Indonesia;2008;1811569;240064968;1.311;132.5;30.61
682;Indonesia;2009;1811569;243188153;1.274;134.2;29.43
683;Indonesia;2010;1811569;246256766;1.234;135.9;28.3
684;Indonesia;2011;1811569;249274297;1.202;137.6;27.24
685;Indonesia;2012;1811569;252247464;1.17;139.2;26.22
686;Indonesia;2013;1811569;255144559;1.115;140.8;25.24
687;Indonesia;2014;1811569;257934026;1.06;142.4;24.3
688;Indonesia;2015;1811569;260617061;1.009;143.9;23.39
689;Indonesia;2016;1811569;263204105;0.966;145.3;22.51
690;Indonesia;2017;1811569;265708968;0.928;146.7;22.02
691;Indonesia;2018;1811569;268149316;0.9;148.0;21.53
692;Indonesia;2019;1811569;270532675;0.87;149.3;21.06
693;Iran;2007;1531595;72203122;1.251;47.1;29.63
694;Iran;2008;1531595;73119798;1.272;47.7;26.24
695;Iran;2011;1531595;75847197;0.94;49.5;18.19
696;Iran;2013;1531595;77668796;1.314;50.7;17.53
697;Iran;2014;1531595;78790170;1.551;51.4;17.21
698;Iran;2015;1531595;79939283;1.346;52.2;16.89
699;Iran;2016;1531595;81004837;1.303;52.9;16.58
700;Iran;2017;1531595;82046494;1.253;53.6;16.27
701;Iraq;2008;437367;27077388;4.369;61.9;31.84
702;Iraq;2009;437367;28136774;3.326;64.3;30.72
703;Iraq;2010;437367;29072967;3.222;66.5;29.64
704;Iraq;2011;437367;30094641;3.678;68.8;28.62
705;Iraq;2012;437367;31447457;5.084;71.9;27.62
706;Iraq;2014;437367;33992998;2.453;77.7;25.76
707;Iraq;2015;437367;34813806;2.32;79.6;24.86
708;Iraq;2016;437367;35580015;2.037;81.4;24.0
709;Iraq;2017;437367;36345459;2.218;83.1;23.16
710;Iraq;2018;437367;37164456;2.238;85.0;22.32
711;Iraq;2020;437367;38828885;2.126;88.8;20.55
712;Ireland;2006;68883;4309024;2.593;62.6;3.74
713;Ireland;2008;68883;4517706;1.888;65.6;3.97
714;Ireland;2009;68883;4579972;0.857;66.5;3.94
715;Ireland;2010;68883;4622824;1.005;67.1;3.9
716;Ireland;2011;68883;4670781;1.059;67.8;3.87
717;Ireland;2012;68883;4721704;1.109;68.5;3.84
718;Ireland;2013;68883;4775487;1.156;69.3;3.8
719;Ireland;2014;68883;4832026;1.198;70.1;3.77
720;Ireland;2015;68883;4891224;1.237;71.0;3.74
721;Ireland;2016;68883;4950973;1.192;71.9;3.71
722;Ireland;2017;68883;5009156;1.145;72.7;3.67
723;Ireland;2018;68883;5065676;1.099;73.5;3.64
724;Ireland;2019;68883;5120458;1.053;74.3;3.61
725;Ireland;2020;68883;5173463;1.007;75.1;3.58
726;Israel;2007;21497;6965387;1.781;324.0;4.68
727;Israel;2008;21497;7090562;1.781;329.8;4.6
728;Israel;2009;21497;7218923;1.807;335.8;4.51
729;Israel;2010;21497;7352652;1.863;342.0;4.43
730;Israel;2011;21497;7489737;1.831;348.4;4.35
731;Israel;2012;21497;7629226;1.859;354.9;4.27
732;Israel;2013;21497;7768325;1.756;361.4;4.19
733;Israel;2014;21497;7901925;1.655;367.6;4.12
734;Israel;2015;21497;8029883;1.558;373.5;4.04
735;Israel;2016;21497;8155139;1.538;379.4;3.97
736;Israel;2017;21497;8280728;1.519;385.2;3.89
737;Israel;2018;21497;8406687;1.501;391.1;3.82
738;Israel;2019;21497;8533033;1.483;396.9;3.75
739;Israel;2020;21497;8659792;1.466;402.8;3.68
740;Italy;2007;294140;59626719;0.812;202.7;3.48
741;Italy;2008;294140;60091305;0.741;204.3;3.47
742;Italy;2009;294140;60461584;0.488;205.6;3.44
743;Italy;2010;294140;60745252;0.448;206.5;3.42
744;Italy;2011;294140;61005561;0.407;207.4;3.39
745;Italy;2012;294140;61242361;0.367;208.2;3.37
746;Italy;2013;294140;61455789;0.328;208.9;3.35
747;Italy;2014;294140;61646124;0.29;209.6;3.32
748;Italy;2015;294140;61813665;0.253;210.2;3.3
749;Italy;2016;294140;61958980;0.217;210.6;3.28
750;Italy;2017;294140;62083001;0.183;211.1;3.26
751;Italy;2018;294140;62186638;0.151;211.4;3.23
752;Italy;2019;294140;62270612;0.119;211.7;3.21
753;Italy;2020;294140;62335424;0.089;211.9;3.19
754;Ivory Coast;2009;318003;21185382;2.591;66.6;80.29
755;Ivory Coast;2013;318003;23284095;2.484;73.2;72.1
756;Ivory Coast;2014;318003;23866223;2.455;75.1;70.14
757;Ivory Coast;2015;318003;24450508;2.383;76.9;68.24
758;Ivory Coast;2016;318003;25048232;2.446;78.8;66.3
759;Ivory Coast;2017;318003;25652685;2.324;80.7;64.42
760;Ivory Coast;2018;318003;26252176;2.296;82.6;62.59
761;Ivory Coast;2019;318003;26858174;2.268;84.5;60.82
762;Ivory Coast;2020;318003;27470185;2.238;86.4;59.09
763;Jamaica;2006;10831;2852242;-0.047;263.3;17.56
764;Jamaica;2011;10831;2832881;-0.216;261.6;15.13
765;Jamaica;2013;10831;2822413;-0.153;260.6;14.32
766;Jamaica;2014;10831;2818580;-0.118;260.2;13.93
767;Jamaica;2017;10831;2813518;-0.012;259.8;12.8
768;Jamaica;2019;10831;2813989;0.028;259.8;12.05
769;Japan;2007;364485;127805148;0.044;350.6;2.53
770;Japan;2008;364485;127826531;-0.01;350.7;2.45
771;Japan;2009;364485;127750918;-0.108;350.5;2.37
772;Japan;2010;364485;127645939;-0.056;350.2;2.4
773;Japan;2011;364485;127491357;-0.186;349.8;2.49
774;Japan;2013;364485;127038622;-0.142;348.5;2.23
775;Japan;2014;364485;126845084;-0.163;348.0;2.14
776;Japan;2015;364485;126656703;-0.134;347.5;2.07
777;Japan;2016;364485;126461255;-0.174;347.0;2.0
778;Japan;2017;364485;126215286;-0.215;346.3;1.99
779;Japan;2018;364485;125918130;-0.256;345.5;1.97
780;Japan;2019;364485;125555208;-0.321;344.5;1.96
781;Japan;2020;364485;125135727;-0.348;343.3;1.94
782;Jordan;2007;88802;6355001;2.46;71.6;21.38
783;Jordan;2009;88802;6655519;1.917;74.9;19.18
784;Kazakhstan;2006;2699700;16279403;1.091;6.0;29.79
785;Kazakhstan;2007;2699700;16455510;1.061;6.1;28.38
786;Kazakhstan;2008;2699700;16645324;1.232;6.2;27.76
787;Kazakhstan;2009;2699700;16858962;1.318;6.2;25.41
788;Kazakhstan;2010;2699700;17080458;1.292;6.3;24.86
789;Kazakhstan;2011;2699700;17300014;1.262;6.4;24.33
790;Kazakhstan;2012;2699700;17517255;1.234;6.5;23.81
791;Kazakhstan;2013;2699700;17731751;1.201;6.6;23.3
792;Kazakhstan;2014;2699700;17943170;1.17;6.6;22.8
793;Kazakhstan;2015;2699700;18150942;1.133;6.7;22.31
794;Kazakhstan;2016;2699700;18353692;1.089;6.8;21.83
795;Kazakhstan;2017;2699700;18549665;1.035;6.9;21.36
796;Kazakhstan;2018;2699700;18737311;0.978;6.9;20.9
797;Kazakhstan;2019;2699700;18915907;0.92;7.0;20.45
798;Kazakhstan;2020;2699700;19085226;0.863;7.1;20.01
799;Kenya;2006;569140;36969809;3.118;65.0;48.87
800;Kenya;2007;569140;38121625;3.019;67.0;46.69
801;Kenya;2008;569140;39310323;3.12;69.1;44.6
802;Kenya;2009;569140;40533869;3.011;71.2;42.61
803;Kenya;2010;569140;41761298;2.956;73.4;40.7
804;Kenya;2011;569140;43054759;3.142;75.6;39.65
805;Kenya;2012;569140;44323013;2.671;77.9;38.63
806;Kenya;2013;569140;45488358;2.521;79.9;37.63
807;Kenya;2014;569140;46653387;2.536;82.0;36.66
808;Kenya;2015;569140;47824362;2.423;84.0;35.71
809;Kenya;2016;569140;48932882;2.163;86.0;34.44
810;Kenya;2017;569140;50035005;2.29;87.9;33.22
811;Kenya;2018;569140;51187423;2.264;89.9;32.03
812;Kenya;2019;569140;52348464;2.222;92.0;30.89
813;Kenya;2020;569140;53513653;2.181;94.0;29.79
814;Kuwait;2006;17818;2316845;2.577;130.0;10.46
815;Kuwait;2009;17818;2489044;2.212;139.7;9.63
816;Kuwait;2010;17818;2543299;2.102;142.7;9.09
817;Kyrgyzstan;2006;191801;5212761;0.982;27.2;38.51
818;Kyrgyzstan;2007;191801;5255556;0.655;27.4;36.35
819;Kyrgyzstan;2008;191801;5298684;0.978;27.6;35.36
820;Kyrgyzstan;2009;191801;5358174;1.253;27.9;34.56
821;Kyrgyzstan;2010;191801;5410439;0.691;28.2;33.78
822;Kyrgyzstan;2011;191801;5450689;0.791;28.4;33.02
823;Kyrgyzstan;2012;191801;5496560;0.885;28.7;32.27
824;Kyrgyzstan;2013;191801;5547741;0.969;28.9;31.54
825;Kyrgyzstan;2014;191801;5603761;1.04;29.2;30.83
826;Kyrgyzstan;2015;191801;5664323;1.109;29.5;30.13
827;Kyrgyzstan;2016;191801;5726765;1.084;29.9;29.45
828;Kyrgyzstan;2017;191801;5788175;1.05;30.2;28.78
829;Kyrgyzstan;2018;191801;5848221;1.015;30.5;28.13
830;Kyrgyzstan;2019;191801;5906824;0.98;30.8;27.49
831;Kyrgyzstan;2020;191801;5963777;0.94;31.1;26.87
832;Laos;2006;230800;5930820;1.679;25.7;68.63
833;Laos;2007;230800;6035545;1.821;26.2;67.16
834;Laos;2008;230800;6145486;1.79;26.6;65.72
835;Laos;2011;230800;6478403;1.689;28.1;61.56
836;Laos;2017;230800;7131518;1.54;30.9;54.01
837;Laos;2018;230800;7241705;1.526;31.4;52.84
838;Laos;2019;230800;7352445;1.509;31.9;51.69
839;Laos;2020;230800;7463435;1.488;32.3;50.57
840;Latvia;2006;62249;2238543;-0.85;36.0;7.62
841;Latvia;2007;62249;2220509;-0.767;35.7;8.68
842;Latvia;2008;62249;2197506;-1.319;35.3;6.68
843;Latvia;2009;62249;2161153;-2.023;34.7;7.29
844;Latvia;2011;62249;2076493;-1.435;33.4;6.45
845;Latvia;2012;62249;2051103;-1.023;32.9;5.65
846;Latvia;2013;62249;2029430;-1.102;32.6;5.5
847;Latvia;2014;62249;2007714;-1.05;32.3;5.43
848;Latvia;2015;62249;1986717;-1.053;31.9;5.35
849;Latvia;2016;62249;1965848;-1.059;31.6;5.28
850;Latvia;2017;62249;1945078;-1.065;31.2;5.21
851;Latvia;2018;62249;1924381;-1.074;30.9;5.14
852;Latvia;2019;62249;1903750;-1.082;30.6;5.07
853;Latvia;2020;62249;1883186;-1.09;30.3;5.01
854;Lebanon;2006;10230;4221787;2.518;412.7;11.82
855;Lebanon;2008;10230;4421994;1.422;432.3;10.41
856;Lebanon;2009;10230;4472455;0.851;437.2;9.77
857;Lebanon;2010;10230;4489300;-0.097;438.8;9.16
858;Lebanon;2011;10230;4508622;0.954;440.7;8.79
859;Lebanon;2012;10230;4608680;3.409;450.5;8.43
860;Lebanon;2013;10230;5145013;17.795;502.9;8.29
861;Lebanon;2014;10230;5878034;9.365;574.6;8.15
862;Lebanon;2015;10230;6179654;0.853;604.1;8.02
863;Lebanon;2016;10230;6232203;0.84;609.2;7.88
864;Lebanon;2017;10230;6223873;-1.109;608.4;7.75
865;Lebanon;2018;10230;6093900;-3.133;595.7;7.62
866;Lebanon;2019;10230;5841037;-5.389;571.0;7.49
867;Lesotho;2011;30355;2011400;0.868;66.3;74.42
868;Lesotho;2016;30355;2097505;0.817;69.1;60.73
869;Lesotho;2017;30355;2114641;0.811;69.7;58.04
870;Lesotho;2019;30355;2146942;0.713;70.7;54.0
871;Liberia;2007;96320;3469165;4.483;36.0;79.09
872;Liberia;2008;96320;3602820;3.102;37.4;74.14
873;Liberia;2010;96320;3817346;3.144;39.6;65.13
874;Liberia;2014;96320;4348141;2.346;45.1;57.87
875;Liberia;2015;96320;4459788;2.719;46.3;55.66
876;Liberia;2016;96320;4575321;2.4;47.5;53.91
877;Liberia;2017;96320;4688786;2.498;48.7;52.21
878;Liberia;2018;96320;4809519;2.585;49.9;50.57
879;Liberia;2019;96320;4937555;2.668;51.3;48.98
880;Libya;2012;1759540;5790189;2.574;3.3;15.05
881;Libya;2017;1759540;6483076;2.166;3.7;14.6
882;Libya;2018;1759540;6621675;2.066;3.8;14.11
883;Libya;2019;1759540;6757971;2.009;3.8;12.1
884;Lithuania;2006;62680;3271018;-1.278;52.2;7.22
885;Lithuania;2007;62680;3230566;-1.21;51.5;6.39
886;Lithuania;2008;62680;3195990;-0.94;51.0;5.6
887;Lithuania;2009;62680;3158758;-1.406;50.4;5.7
888;Lithuania;2010;62680;3088773;-3.094;49.3;4.91
889;Lithuania;2011;62680;3015011;-1.724;48.1;4.74
890;Lithuania;2012;62680;2973159;-1.067;47.4;3.9
891;Lithuania;2013;62680;2943358;-0.947;47.0;3.87
892;Lithuania;2014;62680;2914439;-1.028;46.5;3.84
893;Lithuania;2015;62680;2884632;-1.028;46.0;3.82
894;Lithuania;2016;62680;2855139;-1.028;45.6;3.79
895;Lithuania;2017;62680;2825940;-1.028;45.1;3.76
896;Lithuania;2018;62680;2797002;-1.03;44.6;3.74
897;Lithuania;2019;62680;2768295;-1.033;44.2;3.71
898;Lithuania;2020;62680;2739816;-1.035;43.7;3.68
899;Luxembourg;2009;2586;500087;1.713;193.4;2.47
900;Luxembourg;2010;2586;509257;1.919;196.9;2.45
901;Luxembourg;2011;2586;520556;2.464;201.3;2.42
902;Luxembourg;2012;2586;533061;2.286;206.1;3.56
903;Luxembourg;2013;2586;545475;2.317;210.9;3.4
904;Luxembourg;2014;2586;558008;2.227;215.8;3.39
905;Luxembourg;2015;2586;570327;2.142;220.5;3.38
906;Luxembourg;2016;2586;582432;2.06;225.2;3.38
907;Luxembourg;2017;2586;594319;1.982;229.8;3.37
908;Luxembourg;2018;2586;605984;1.906;234.3;3.36
909;Luxembourg;2019;2586;617419;1.833;238.8;3.35
910;Madagascar;2008;581540;19689114;2.786;33.9;51.58
911;Madagascar;2011;581540;21383273;2.712;36.8;48.6
912;Madagascar;2012;581540;21967795;2.682;37.8;47.64
913;Madagascar;2013;581540;22561376;2.651;38.8;46.7
914;Madagascar;2014;581540;23163364;2.616;39.8;45.78
915;Madagascar;2015;581540;23772723;2.578;40.9;44.88
916;Madagascar;2016;581540;24388331;2.536;41.9;43.99
917;Madagascar;2017;581540;25009416;2.494;43.0;43.13
918;Madagascar;2018;581540;25635410;2.451;44.1;42.28
919;Madagascar;2019;581540;26265521;2.406;45.2;41.44
920;Malawi;2006;94080;13183557;3.248;140.1;63.02
921;Malawi;2007;94080;13621081;3.281;144.8;59.94
922;Malawi;2009;94080;14545019;3.227;154.6;54.21
923;Malawi;2011;94080;15490125;3.068;164.6;49.01
924;Malawi;2012;94080;15966179;2.987;169.7;46.59
925;Malawi;2013;94080;16443231;2.902;174.8;44.29
926;Malawi;2014;94080;16920106;2.816;179.8;42.11
927;Malawi;2015;94080;17398794;2.764;184.9;40.03
928;Malawi;2016;94080;17881060;2.705;190.1;38.96
929;Malawi;2017;94080;18365567;2.643;195.2;37.92
930;Malawi;2018;94080;18851278;2.578;200.4;36.91
931;Malawi;2019;94080;19337320;2.513;205.5;35.93
932;Malaysia;2006;328657;26819653;2.07;81.6;6.12
933;Malaysia;2007;328657;27369040;1.986;83.3;6.31
934;Malaysia;2008;328657;27924658;2.033;85.0;6.41
935;Malaysia;2009;328657;28494229;2.005;86.7;6.87
936;Malaysia;2010;328657;29062898;1.947;88.4;6.67
937;Malaysia;2011;328657;29558924;1.442;89.9;6.6
938;Malaysia;2012;328657;29982958;1.407;91.2;6.27
939;Malaysia;2013;328657;30399783;1.354;92.5;6.31
940;Malaysia;2014;328657;30819786;1.39;93.8;6.85
941;Malaysia;2015;328657;31241608;1.329;95.1;6.81
942;Malaysia;2018;328657;32425760;1.172;98.7;6.77
943;Malaysia;2019;328657;32800591;1.127;99.8;6.79
944;Mali;2006;1220190;12834556;2.984;10.5;94.9
945;Mali;2008;1220190;13636273;3.095;11.2;88.95
946;Mali;2009;1220190;14067464;3.13;11.5;86.25
947;Mali;2010;1220190;14514077;3.12;11.9;83.63
948;Mali;2011;1220190;14993806;3.379;12.3;81.09
949;Mali;2012;1220190;15408711;2.098;12.6;78.63
950;Mali;2013;1220190;15814633;3.09;13.0;76.7
951;Mali;2014;1220190;16319381;3.192;13.4;74.82
952;Mali;2015;1220190;16834385;3.024;13.8;72.99
953;Mali;2016;1220190;17352082;3.033;14.2;71.2
954;Mali;2017;1220190;17885069;3.018;14.7;69.45
955;Mali;2018;1220190;18429576;2.981;15.1;67.59
956;Mali;2019;1220190;18985385;2.962;15.6;65.78
957;Malta;2014;316;430028;0.921;1360.8;4.45
958;Malta;2015;316;434537;1.164;1375.1;5.15
959;Malta;2016;316;439578;1.143;1391.1;4.85
960;Malta;2017;316;444458;1.066;1406.5;4.81
961;Malta;2018;316;449044;0.988;1421.0;4.78
962;Malta;2019;316;453321;0.908;1434.6;4.74
963;Mauritania;2007;1030700;2980358;2.438;2.9;68.74
964;Mauritania;2008;1030700;3053544;2.414;3.0;67.43
965;Mauritania;2009;1030700;3127764;2.389;3.0;66.15
966;Mauritania;2010;1030700;3202968;2.363;3.1;64.9
967;Mauritania;2011;1030700;3279128;2.337;3.2;63.63
968;Mauritania;2012;1030700;3356215;2.31;3.3;62.39
969;Mauritania;2013;1030700;3434130;2.28;3.3;61.17
970;Mauritania;2014;1030700;3512773;2.249;3.4;59.97
971;Mauritania;2015;1030700;3592075;2.216;3.5;58.8
972;Mauritania;2016;1030700;3672022;2.186;3.6;57.62
973;Mauritania;2017;1030700;3752599;2.155;3.6;56.46
974;Mauritania;2018;1030700;3833699;2.121;3.7;55.33
975;Mauritania;2019;1030700;3915212;2.087;3.8;54.22
976;Mauritius;2011;2030;1302205;0.728;641.5;13.22
977;Mauritius;2014;2030;1329820;0.67;655.1;12.45
978;Mauritius;2016;2030;1347142;0.624;663.6;11.97
979;Mauritius;2017;2030;1355418;0.601;667.7;11.73
980;Mauritius;2018;2030;1363446;0.58;671.6;11.5
981;Mauritius;2019;2030;1371242;0.56;675.5;11.28
982;Mauritius;2020;2030;1378798;0.539;679.2;11.05
983;Mexico;2007;1943945;109338805;1.351;56.2;16.57
984;Mexico;2008;1943945;110845404;1.386;57.0;15.7
985;Mexico;2009;1943945;112426381;1.446;57.8;14.88
986;Mexico;2010;1943945;114061440;1.442;58.7;14.1
987;Mexico;2011;1943945;115700927;1.413;59.5;13.86
988;Mexico;2012;1943945;117298516;1.33;60.3;13.63
989;Mexico;2013;1943945;118816988;1.243;61.1;13.39
990;Mexico;2014;1943945;120288452;1.219;61.9;13.17
991;Mexico;2015;1943945;121749196;1.195;62.6;12.94
992;Mexico;2016;1943945;123197687;1.171;63.4;12.72
993;Mexico;2017;1943945;124632667;1.146;64.1;12.51
994;Mexico;2018;1943945;126052642;1.12;64.8;12.3
995;Mexico;2019;1943945;127455990;1.094;65.6;12.09
996;Mexico;2020;1943945;128840997;1.068;66.3;11.88
997;Moldova;2006;32891;3901079;-1.183;118.6;14.63
998;Moldova;2007;32891;3855441;-1.171;117.2;14.1
999;Moldova;2008;32891;3811762;-1.108;115.9;15.3
1000;Moldova;2009;32891;3770697;-1.059;114.6;15.39
1001;Moldova;2010;32891;3731159;-1.05;113.4;15.04
1002;Moldova;2011;32891;3692309;-1.044;112.3;14.71
1003;Moldova;2012;32891;3654059;-1.039;111.1;14.39
1004;Moldova;2013;32891;3616348;-1.036;109.9;14.08
1005;Moldova;2014;32891;3579084;-1.036;108.8;13.77
1006;Moldova;2015;32891;3542172;-1.038;107.7;13.47
1007;Moldova;2016;32891;3505515;-1.043;106.6;13.17
1008;Moldova;2017;32891;3469042;-1.049;105.5;12.89
1009;Moldova;2018;32891;3432718;-1.056;104.4;12.6
1010;Moldova;2019;32891;3396460;-1.067;103.3;12.33
1011;Moldova;2020;32891;3360212;-1.079;102.2;12.06
1012;Mongolia;2007;1553556;2666190;1.307;1.7;31.91
1013;Mongolia;2008;1553556;2702400;1.39;1.7;30.14
1014;Mongolia;2010;1553556;2783419;1.565;1.8;26.9
1015;Mongolia;2011;1553556;2826843;1.531;1.8;25.42
1016;Mongolia;2012;1553556;2869801;1.486;1.8;24.89
1017;Mongolia;2013;1553556;2911859;1.425;1.9;24.37
1018;Mongolia;2014;1553556;2952686;1.361;1.9;23.86
1019;Mongolia;2015;1553556;2992282;1.304;1.9;23.36
1020;Mongolia;2016;1553556;3030679;1.246;2.0;22.88
1021;Mongolia;2017;1553556;3067699;1.182;2.0;22.4
1022;Mongolia;2018;1553556;3103126;1.115;2.0;21.93
1023;Mongolia;2019;1553556;3136806;1.045;2.0;21.47
1024;Mongolia;2020;1553556;3168648;0.975;2.0;21.03
1025;Montenegro;2007;13452;620495;0.025;46.1;7.57
1026;Montenegro;2009;13452;621968;0.174;46.2;5.81
1027;Montenegro;2010;13452;622553;0.014;46.3;6.24
1028;Montenegro;2011;13452;622433;-0.053;46.3;4.39
1029;Montenegro;2012;13452;622079;-0.061;46.2;4.5
1030;Montenegro;2013;13452;621603;-0.093;46.2;4.42
1031;Montenegro;2014;13452;620897;-0.135;46.2;4.94
1032;Montenegro;2015;13452;619723;-0.244;46.1;2.15
1033;Montenegro;2016;13452;618126;-0.272;46.0;3.49
1034;Montenegro;2017;13452;616284;-0.325;45.8;3.45
1035;Montenegro;2018;13452;614229;-0.343;45.7;3.41
1036;Montenegro;2019;13452;612064;-0.363;45.5;3.37
1037;Montenegro;2020;13452;609786;-0.383;45.3;3.33
1038;Morocco;2011;446300;32243370;1.211;72.2;26.24
1039;Morocco;2012;446300;32632173;1.187;73.1;25.07
1040;Morocco;2013;446300;33017488;1.161;74.0;23.95
1041;Morocco;2015;446300;33774728;1.106;75.7;21.86
1042;Morocco;2016;446300;34145522;1.078;76.5;21.36
1043;Morocco;2017;446300;34510211;1.047;77.3;20.87
1044;Morocco;2018;446300;34867746;1.014;78.1;20.4
1045;Morocco;2019;446300;35217358;0.981;78.9;19.93
1046;Morocco;2020;446300;35558805;0.949;79.7;19.48
1047;Mozambique;2006;786380;20934250;2.172;26.6;103.78
1048;Mozambique;2007;786380;21396604;2.196;27.2;100.17
1049;Mozambique;2008;786380;21889544;2.357;27.8;96.67
1050;Mozambique;2011;786380;23654009;2.859;30.1;86.88
1051;Mozambique;2015;786380;26386824;2.627;33.6;75.3
1052;Mozambique;2017;786380;27809390;2.648;35.4;70.08
1053;Mozambique;2018;786380;28556573;2.655;36.3;68.25
1054;Mozambique;2019;786380;29320964;2.628;37.3;66.46
1055;Myanmar;2012;653508;52523110;1.066;80.4;44.21
1056;Myanmar;2013;653508;53044168;0.909;81.2;42.1
1057;Myanmar;2015;653508;54089016;1.005;82.8;39.77
1058;Myanmar;2016;653508;54616787;0.938;83.6;38.65
1059;Myanmar;2017;653508;55125262;0.916;84.4;37.57
1060;Myanmar;2018;653508;55625918;0.893;85.1;36.51
1061;Myanmar;2019;653508;56117594;0.868;85.9;35.48
1062;Myanmar;2020;653508;56599075;0.841;86.6;34.48
1063;Namibia;2007;823290;2095758;1.311;2.5;53.77
1064;Namibia;2014;823290;2340420;2.039;2.8;39.25
1065;Namibia;2017;823290;2484586;1.946;3.0;35.1
1066;Namibia;2018;823290;2532960;1.911;3.1;33.81
1067;Namibia;2019;823290;2581343;1.873;3.1;32.57
1068;Namibia;2020;823290;2629632;1.834;3.2;31.38
1069;Nepal;2007;143351;25732124;1.016;179.5;48.64
1070;Nepal;2008;143351;25998040;1.041;181.4;44.61
1071;Nepal;2009;143351;26297359;1.248;183.4;40.91
1072;Nepal;2010;143351;26662624;1.509;186.0;37.51
1073;Nepal;2011;143351;27079235;1.591;188.9;34.38
1074;Nepal;2012;143351;27501219;1.502;191.8;33.21
1075;Nepal;2013;143351;27907012;1.428;194.7;32.08
1076;Nepal;2014;143351;28291654;1.311;197.4;30.99
1077;Nepal;2015;143351;28645436;1.175;199.8;33.02
1078;Nepal;2016;143351;28983737;1.173;202.2;28.89
1079;Nepal;2017;143351;29313646;1.091;204.5;28.23
1080;Nepal;2018;143351;29622964;1.008;206.6;27.59
1081;Nepal;2019;143351;29910522;0.924;208.7;26.96
1082;Netherlands;2007;33893;16351023;0.261;482.4;4.01
1083;Netherlands;2008;33893;16410056;0.459;484.2;3.81
1084;Netherlands;2010;33893;16573644;0.49;489.0;3.81
1085;Netherlands;2011;33893;16653044;0.466;491.3;3.78
1086;Netherlands;2012;33893;16729271;0.447;493.6;3.75
1087;Netherlands;2013;33893;16802870;0.431;495.8;3.71
1088;Netherlands;2014;33893;16874277;0.417;497.9;3.69
1089;Netherlands;2015;33893;16943854;0.406;499.9;3.66
1090;Netherlands;2016;33893;17012019;0.397;501.9;3.63
1091;Netherlands;2017;33893;17079084;0.39;503.9;3.6
1092;Netherlands;2018;33893;17145121;0.382;505.9;3.57
1093;Netherlands;2019;33893;17210116;0.375;507.8;3.54
1094;Netherlands;2020;33893;17274001;0.366;509.7;3.51
1095;New Zealand;2006;264537;4089964;1.052;15.5;5.13
1096;New Zealand;2007;264537;4131984;0.993;15.6;4.98
1097;New Zealand;2008;264537;4171974;0.934;15.8;4.91
1098;New Zealand;2010;264537;4269245;1.075;16.1;4.09
1099;New Zealand;2011;264537;4306933;0.684;16.3;4.32
1100;New Zealand;2012;264537;4336624;0.69;16.4;4.11
1101;New Zealand;2013;264537;4377391;1.179;16.5;3.72
1102;New Zealand;2014;264537;4442509;1.77;16.8;3.92
1103;New Zealand;2015;264537;4525113;1.914;17.1;3.8
1104;New Zealand;2016;264537;4614016;1.977;17.4;3.46
1105;New Zealand;2017;264537;4700525;1.74;17.8;3.64
1106;New Zealand;2018;264537;4779927;1.611;18.1;3.61
1107;New Zealand;2019;264537;4854803;1.499;18.4;3.58
1108;New Zealand;2020;264537;4925334;1.387;18.6;3.55
1109;Nicaragua;2006;119990;5330730;1.315;44.4;27.69
1110;Nicaragua;2007;119990;5399921;1.265;45.0;27.06
1111;Nicaragua;2008;119990;5467241;1.213;45.6;26.45
1112;Nicaragua;2009;119990;5532425;1.157;46.1;25.85
1113;Nicaragua;2010;119990;5595169;1.098;46.6;25.26
1114;Nicaragua;2011;119990;5656433;1.08;47.1;24.68
1115;Nicaragua;2012;119990;5717219;1.058;47.6;24.12
1116;Nicaragua;2013;119990;5777371;1.035;48.1;23.57
1117;Nicaragua;2014;119990;5836758;1.01;48.6;23.04
1118;Nicaragua;2015;119990;5895223;0.983;49.1;22.51
1119;Nicaragua;2016;119990;5953315;0.978;49.6;22.0
1120;Nicaragua;2017;119990;6011584;0.97;50.1;21.5
1121;Nicaragua;2018;119990;6069889;0.96;50.6;21.01
1122;Nicaragua;2019;119990;6128101;0.949;51.1;20.53
1123;Niger;2006;1266700;13410761;3.834;10.6;99.38
1124;Niger;2007;1266700;13936205;3.851;11.0;96.2
1125;Niger;2008;1266700;14479804;3.802;11.4;93.12
1126;Niger;2009;1266700;15038018;3.763;11.9;90.13
1127;Niger;2010;1266700;15612503;3.734;12.3;87.24
1128;Niger;2011;1266700;16204920;3.714;12.8;84.44
1129;Niger;2012;1266700;16842453;3.997;13.3;81.72
1130;Niger;2013;1266700;17505864;3.733;13.8;79.09
1131;Niger;2014;1266700;18176446;3.783;14.3;77.67
1132;Niger;2015;1266700;18889021;3.905;14.9;76.26
1133;Niger;2016;1266700;19637375;3.866;15.5;74.85
1134;Niger;2017;1266700;20388375;3.644;16.1;73.46
1135;Niger;2018;1266700;21151821;3.707;16.7;72.1
1136;Niger;2019;1266700;21944198;3.649;17.3;70.76
1137;Nigeria;2006;910768;148689670;2.806;163.3;92.64
1138;Nigeria;2007;910768;152884914;2.759;167.9;89.65
1139;Nigeria;2008;910768;157143322;2.735;172.5;86.76
1140;Nigeria;2009;910768;161479596;2.709;177.3;83.96
1141;Nigeria;2010;910768;165890754;2.681;182.1;81.25
1142;Nigeria;2012;910768;174931760;2.623;192.1;76.1
1143;Nigeria;2013;910768;179546969;2.586;197.1;73.64
1144;Nigeria;2015;910768;188830820;2.45;207.3;68.97
1145;Nigeria;2016;910768;193466758;2.401;212.4;67.03
1146;Nigeria;2017;910768;198312085;2.544;217.7;65.15
1147;Nigeria;2018;910768;203416212;2.538;223.3;63.32
1148;Nigeria;2019;910768;208640307;2.533;229.1;61.54
1149;Nigeria;2020;910768;213986428;2.527;235.0;59.82
1150;North Macedonia;2007;25433;2065917;0.198;81.2;10.16
1151;North Macedonia;2009;25433;2074492;0.245;81.6;11.88
1152;North Macedonia;2010;25433;2079955;0.281;81.8;7.42
1153;North Macedonia;2011;25433;2084928;0.197;82.0;7.3
1154;North Macedonia;2012;25433;2089228;0.215;82.1;9.82
1155;North Macedonia;2013;25433;2094132;0.254;82.3;9.77
1156;North Macedonia;2014;25433;2099581;0.266;82.6;9.47
1157;North Macedonia;2015;25433;2105107;0.26;82.8;8.41
1158;North Macedonia;2016;25433;2110184;0.222;83.0;8.25
1159;North Macedonia;2017;25433;2114687;0.204;83.1;8.1
1160;North Macedonia;2018;25433;2118782;0.182;83.3;7.95
1161;North Macedonia;2019;25433;2122376;0.157;83.4;7.81
1162;North Macedonia;2020;25433;2125463;0.134;83.6;7.66
1163;Norway;2006;304282;4662367;0.88;15.3;3.2
1164;Norway;2008;304282;4770097;1.303;15.7;2.72
1165;Norway;2012;304282;5021107;1.307;16.5;2.47
1166;Norway;2014;304282;5147527;1.182;16.9;2.45
1167;Norway;2015;304282;5207134;1.121;17.1;2.43
1168;Norway;2016;304282;5264276;1.062;17.3;2.42
1169;Norway;2017;304282;5318850;1.001;17.5;2.41
1170;Norway;2018;304282;5370697;0.939;17.7;2.39
1171;Norway;2019;304282;5419620;0.875;17.8;2.38
1172;Norway;2020;304282;5465387;0.807;18.0;2.37
1173;Pakistan;2007;770875;176015175;2.42;228.3;75.17
1174;Pakistan;2008;770875;180012960;2.075;233.5;73.75
1175;Pakistan;2009;770875;183963929;2.265;238.6;72.48
1176;Pakistan;2010;770875;188341201;2.436;244.3;71.27
1177;Pakistan;2011;770875;192744405;2.188;250.0;69.91
1178;Pakistan;2012;770875;197077122;2.257;255.7;68.66
1179;Pakistan;2013;770875;201581954;2.263;261.5;67.02
1180;Pakistan;2014;770875;206054670;2.127;267.3;65.41
1181;Pakistan;2015;770875;210462259;2.106;273.0;63.87
1182;Pakistan;2016;770875;214750792;1.93;278.6;62.25
1183;Pakistan;2017;770875;219176700;2.147;284.3;60.78
1184;Pakistan;2018;770875;223911895;2.128;290.5;59.32
1185;Pakistan;2019;770875;228674451;2.082;296.6;57.93
1186;Palestinian Territories;2007;6000;3639946;2.311;606.7;21.18
1187;Palestinian Territories;2008;6000;3725353;2.5069999999999997;620.9;21.01
1188;Palestinian Territories;2009;6000;3815099;2.4835000000000003;635.8;20.31
1189;Palestinian Territories;2010;6000;3905568;2.4185;650.9;19.87
1190;Panama;2006;74340;3206482;1.624;43.1;15.3
1191;Panama;2007;74340;3258179;1.575;43.8;14.99
1192;Panama;2008;74340;3309086;1.526;44.5;14.69
1193;Panama;2009;74340;3359158;1.478;45.2;14.39
1194;Panama;2010;74340;3408370;1.431;45.8;14.1
1195;Panama;2011;74340;3457058;1.406;46.5;13.82
1196;Panama;2012;74340;3505572;1.382;47.2;13.54
1197;Panama;2013;74340;3553885;1.356;47.8;13.27
1198;Panama;2014;74340;3601893;1.328;48.5;13.0
1199;Panama;2015;74340;3649525;1.3;49.1;12.74
1200;Panama;2016;74340;3696857;1.277;49.7;12.48
1201;Panama;2017;74340;3743955;1.255;50.4;12.23
1202;Panama;2018;74340;3790759;1.23;51.0;11.98
1203;Panama;2019;74340;3837165;1.203;51.6;11.74
1204;Paraguay;2006;397302;6017567;1.552;15.1;32.66
1205;Paraguay;2007;397302;6109837;1.492;15.4;31.99
1206;Paraguay;2008;397302;6199809;1.432;15.6;31.34
1207;Paraguay;2009;397302;6287293;1.371;15.8;30.7
1208;Paraguay;2010;397302;6372088;1.309;16.0;30.07
1209;Paraguay;2011;397302;6455204;1.283;16.2;29.46
1210;Paraguay;2012;397302;6537669;1.256;16.5;28.86
1211;Paraguay;2013;397302;6619307;1.226;16.7;28.27
1212;Paraguay;2014;397302;6699944;1.195;16.9;27.69
1213;Paraguay;2015;397302;6779440;1.164;17.1;27.13
1214;Paraguay;2016;397302;6859115;1.173;17.3;26.57
1215;Paraguay;2017;397302;6940221;1.178;17.5;26.03
1216;Paraguay;2019;397302;7105476;1.172;17.9;24.98
1217;Peru;2006;1279996;27749937;1.094;21.7;26.45
1218;Peru;2007;1279996;28050461;1.06;21.9;25.91
1219;Peru;2008;1279996;28348590;1.054;22.1;25.38
1220;Peru;2009;1279996;28648133;1.048;22.4;24.86
1221;Peru;2010;1279996;28948879;1.041;22.6;24.36
1222;Peru;2011;1279996;29250087;1.03;22.9;23.86
1223;Peru;2012;1279996;29550955;1.017;23.1;23.37
1224;Peru;2013;1279996;29851038;1.004;23.3;22.9
1225;Peru;2014;1279996;30149889;0.989;23.6;22.43
1226;Peru;2015;1279996;30447025;0.973;23.8;21.98
1227;Peru;2016;1279996;30742963;0.962;24.0;21.53
1228;Peru;2017;1279996;31038222;0.95;24.2;21.09
1229;Peru;2018;1279996;31332281;0.936;24.5;20.66
1230;Peru;2019;1279996;31624619;0.921;24.7;20.24
1231;Philippines;2007;298170;88350267;1.951;296.3;25.88
1232;Philippines;2008;298170;90020447;1.796;301.9;25.45
1233;Philippines;2009;298170;91586063;1.653;307.2;25.02
1234;Philippines;2010;298170;93136140;1.703;312.4;24.6
1235;Philippines;2011;298170;94677148;1.58;317.5;24.19
1236;Philippines;2012;298170;96188077;1.586;322.6;23.78
1237;Philippines;2013;298170;97757810;1.651;327.9;23.38
1238;Philippines;2014;298170;99373375;1.628;333.3;23.03
1239;Philippines;2015;298170;100992607;1.605;338.7;22.67
1240;Philippines;2016;298170;102616777;1.586;344.2;22.33
1241;Philippines;2017;298170;104247132;1.567;349.6;21.99
1242;Philippines;2018;298170;105883075;1.548;355.1;21.65
1243;Philippines;2019;298170;107523741;1.528;360.6;21.32
1244;Philippines;2020;298170;109168180;1.508;366.1;20.99
1245;Poland;2007;304255;38537963;0.012;126.7;6.17
1246;Poland;2009;304255;38587546;0.082;126.8;5.59
1247;Poland;2010;304255;38616395;0.068;126.9;5.04
1248;Poland;2011;304255;38631804;0.012;127.0;4.73
1249;Poland;2012;304255;38632128;-0.01;127.0;4.67
1250;Poland;2013;304255;38618538;-0.06;126.9;4.62
1251;Poland;2014;304255;38592156;-0.076;126.8;4.57
1252;Poland;2015;304255;38559087;-0.095;126.7;4.52
1253;Poland;2016;304255;38518526;-0.116;126.6;4.47
1254;Poland;2017;304255;38469803;-0.138;126.4;4.42
1255;Poland;2018;304255;38412361;-0.161;126.3;4.38
1256;Poland;2019;304255;38345891;-0.185;126.0;4.33
1257;Poland;2020;304255;38270292;-0.21;125.8;4.28
1258;Portugal;2006;91470;10595717;0.194;115.8;3.25
1259;Portugal;2008;91470;10635102;0.091;116.3;3.23
1260;Portugal;2010;91470;10650026;-0.007;116.4;2.54
1261;Portugal;2011;91470;10634486;-0.285;116.3;3.04
1262;Portugal;2012;91470;10591764;-0.52;115.8;3.25
1263;Portugal;2013;91470;10534203;-0.57;115.2;2.8
1264;Portugal;2014;91470;10477254;-0.514;114.5;2.86
1265;Portugal;2015;91470;10433546;-0.321;114.1;2.98
1266;Portugal;2016;91470;10400888;-0.306;113.7;3.27
1267;Portugal;2017;91470;10370571;-0.278;113.4;2.61
1268;Portugal;2018;91470;10342137;-0.271;113.1;2.59
1269;Portugal;2019;91470;10314630;-0.262;112.8;2.58
1270;Portugal;2020;91470;10288283;-0.25;112.5;2.56
1271;Qatar;2009;11586;1568790;9.618;135.4;8.27
1272;Romania;2007;229891;22106151;-0.197;96.2;11.87
1273;Romania;2009;229891;22014222;-0.221;95.8;11.49
1274;Romania;2010;229891;21964151;-0.234;95.5;11.3
1275;Romania;2011;229891;21911374;-0.247;95.3;11.12
1276;Romania;2012;229891;21856014;-0.259;95.1;10.94
1277;Romania;2013;229891;21798011;-0.272;94.8;10.76
1278;Romania;2014;229891;21737297;-0.286;94.6;10.59
1279;Romania;2015;229891;21673686;-0.301;94.3;10.42
1280;Romania;2016;229891;21606841;-0.317;94.0;10.25
1281;Romania;2017;229891;21536726;-0.333;93.7;10.08
1282;Romania;2018;229891;21463696;-0.346;93.4;9.92
1283;Romania;2019;229891;21388159;-0.359;93.0;9.76
1284;Russia;2006;16377742;143701958;-0.338;8.8;10.34
1285;Russia;2007;16377742;143407480;-0.072;8.8;9.66
1286;Russia;2008;16377742;143359355;0.005;8.8;8.72
1287;Russia;2009;16377742;143427695;0.09;8.8;8.24
1288;Russia;2010;16377742;143493100;0.001;8.8;7.55
1289;Russia;2011;16377742;143489547;-0.006;8.8;7.45
1290;Russia;2012;16377742;143475007;-0.014;8.8;7.35
1291;Russia;2013;16377742;143447406;-0.024;8.8;7.25
1292;Russia;2014;16377742;143404233;-0.036;8.8;7.15
1293;Russia;2015;16377742;143343305;-0.049;8.8;7.06
1294;Russia;2016;16377742;143260870;-0.066;8.7;6.96
1295;Russia;2017;16377742;143150610;-0.088;8.7;6.87
1296;Russia;2018;16377742;143005302;-0.115;8.7;6.78
1297;Russia;2019;16377742;142818379;-0.147;8.7;6.69
1298;Russia;2020;16377742;142588206;-0.176;8.7;6.6
1299;Rwanda;2008;24668;9501783;2.489;385.2;52.56
1300;Rwanda;2009;24668;9705659;1.765;393.5;47.94
1301;Rwanda;2011;24668;10200568;2.843;413.5;40.81
1302;Rwanda;2012;24668;10505340;3.041;425.9;38.1
1303;Rwanda;2013;24668;10831401;3.071;439.1;35.57
1304;Rwanda;2014;24668;11148366;2.703;451.9;33.21
1305;Rwanda;2015;24668;11375693;1.348;461.2;30.99
1306;Rwanda;2016;24668;11603005;2.597;470.4;30.36
1307;Rwanda;2017;24668;11899254;2.447;482.4;29.74
1308;Rwanda;2018;24668;12184782;2.297;494.0;29.13
1309;Rwanda;2019;24668;12458371;2.146;505.0;28.54
1310;Saudi Arabia;2008;2149690;26115002;3.514;12.1;16.88
1311;Saudi Arabia;2009;2149690;27035739;3.417;12.6;16.39
1312;Senegal;2006;192530;11095636;2.659;57.6;63.49
1313;Senegal;2007;192530;11393612;2.641;59.2;62.3
1314;Senegal;2008;192530;11697382;2.621;60.8;61.13
1315;Senegal;2009;192530;12006777;2.6;62.4;59.98
1316;Senegal;2010;192530;12321580;2.576;64.0;58.85
1317;Senegal;2011;192530;12641633;2.552;65.7;57.74
1318;Senegal;2012;192530;12966773;2.527;67.3;56.66
1319;Senegal;2013;192530;13296750;2.499;69.1;55.59
1320;Senegal;2014;192530;13631296;2.47;70.8;54.54
1321;Senegal;2015;192530;13970105;2.44;72.6;53.51
1322;Senegal;2016;192530;14313050;2.411;74.3;52.5
1323;Senegal;2017;192530;14660011;2.38;76.1;51.51
1324;Senegal;2018;192530;15010711;2.348;78.0;50.54
1325;Senegal;2019;192530;15364850;2.315;79.8;49.58
1326;Serbia;2007;77474;7447096;-0.428;96.1;6.96
1327;Serbia;2009;77474;7379576;-0.465;95.3;6.76
1328;Serbia;2010;77474;7345364;-0.465;94.8;6.66
1329;Serbia;2011;77474;7311257;-0.466;94.4;6.57
1330;Serbia;2012;77474;7277224;-0.467;93.9;6.48
1331;Serbia;2013;77474;7243304;-0.467;93.5;6.38
1332;Serbia;2014;77474;7209525;-0.468;93.1;6.29
1333;Serbia;2015;77474;7175831;-0.469;92.6;6.2
1334;Serbia;2016;77474;7142165;-0.471;92.2;6.12
1335;Serbia;2017;77474;7108516;-0.473;91.8;6.03
1336;Serbia;2018;77474;7074893;-0.475;91.3;5.94
1337;Serbia;2019;77474;7041278;-0.477;90.9;5.86
1338;Serbia;2020;77474;7007664;-0.48;90.5;5.78
1339;Sierra Leone;2006;71620;4830274;2.071;67.4;87.28
1340;Sierra Leone;2007;71620;4932022;2.097;68.9;85.54
1341;Sierra Leone;2008;71620;5037662;2.141;70.3;83.83
1342;Sierra Leone;2010;71620;5262144;2.217;73.5;80.51
1343;Sierra Leone;2011;71620;5380925;2.247;75.1;78.94
1344;Sierra Leone;2013;71620;5631326;2.3;78.6;76.0
1345;Sierra Leone;2014;71620;5762950;2.321;80.5;74.6
1346;Sierra Leone;2015;71620;5898821;2.339;82.4;73.25
1347;Sierra Leone;2016;71620;6038929;2.355;84.3;71.85
1348;Sierra Leone;2017;71620;6183278;2.369;86.3;70.5
1349;Sierra Leone;2018;71620;6332054;2.386;88.4;69.18
1350;Sierra Leone;2019;71620;6485496;2.402;90.6;67.9
1351;Singapore;2007;709;4962791;1.761;6999.7;1.58
1352;Singapore;2008;709;5046845;1.599;7118.3;1.84
1353;Singapore;2009;709;5123009;1.398;7225.7;1.92
1354;Singapore;2010;709;5189542;1.184;7319.5;1.8
1355;Singapore;2011;709;5252194;1.216;7407.9;1.78
1356;Singapore;2013;709;5383565;1.172;7593.2;1.73
1357;Singapore;2014;709;5447896;1.204;7683.9;1.71
1358;Singapore;2015;709;5512966;1.171;7775.7;1.68
1359;Singapore;2016;709;5576352;1.116;7865.1;1.66
1360;Singapore;2017;709;5637272;1.058;7951.0;1.64
1361;Singapore;2018;709;5696047;1.017;8033.9;1.62
1362;Singapore;2019;709;5753597;0.994;8115.1;1.6
1363;Slovakia;2006;48105;5408943;0.019;112.4;6.56
1364;Slovakia;2010;48105;5426041;0.11;112.8;5.65
1365;Slovakia;2011;48105;5433278;0.156;112.9;4.96
1366;Slovakia;2012;48105;5438948;0.052;113.1;5.52
1367;Slovakia;2013;48105;5441501;0.042;113.1;5.45
1368;Slovakia;2014;48105;5443439;0.03;113.2;5.38
1369;Slovakia;2015;48105;5444716;0.017;113.2;5.31
1370;Slovakia;2016;48105;5445305;0.004;113.2;5.25
1371;Slovakia;2017;48105;5445176;-0.009;113.2;5.18
1372;Slovakia;2018;48105;5444277;-0.024;113.2;5.11
1373;Slovakia;2019;48105;5442524;-0.041;113.1;5.05
1374;Slovakia;2020;48105;5439808;-0.059;113.1;4.98
1375;Slovenia;2006;20151;2026870;0.346;100.6;3.9
1376;Slovenia;2009;20151;2075268;0.704;103.0;3.65
1377;Slovenia;2010;20151;2084182;0.154;103.4;3.51
1378;Slovenia;2011;20151;2088442;0.254;103.6;3.41
1379;Slovenia;2012;20151;2092758;0.159;103.9;3.39
1380;Slovenia;2013;20151;2095552;0.108;104.0;3.3
1381;Slovenia;2014;20151;2097579;0.085;104.1;3.14
1382;Slovenia;2015;20151;2099131;0.063;104.2;1.58
1383;Slovenia;2016;20151;2100372;0.056;104.2;1.57
1384;Slovenia;2017;20151;2101369;0.039;104.3;1.56
1385;Slovenia;2018;20151;2102031;0.024;104.3;1.56
1386;Slovenia;2019;20151;2102381;0.01;104.3;1.55
1387;Slovenia;2020;20151;2102452;-0.003;104.3;1.54
1388;South Africa;2007;1214470;49371918;1.319;40.7;44.92
1389;South Africa;2008;1214470;50024703;1.308;41.2;43.34
1390;South Africa;2009;1214470;50680533;1.297;41.7;41.82
1391;South Africa;2010;1214470;51122241;0.443;42.1;40.36
1392;South Africa;2011;1214470;51452098;0.842;42.4;38.23
1393;South Africa;2012;1214470;51910102;0.93;42.7;36.21
1394;South Africa;2013;1214470;52418463;1.019;43.2;35.1
1395;South Africa;2014;1214470;52996665;1.174;43.6;34.03
1396;South Africa;2015;1214470;53661885;1.32;44.2;32.99
1397;South Africa;2016;1214470;54283569;0.986;44.7;31.97
1398;South Africa;2017;1214470;54821014;0.985;45.1;30.99
1399;South Africa;2018;1214470;55356492;0.96;45.6;29.89
1400;South Africa;2019;1214470;55891953;0.966;46.0;28.83
1401;South Africa;2020;1214470;56434963;0.968;46.5;27.81
1402;South Korea;2006;96920;48163516;0.526;496.9;3.87
1403;South Korea;2007;96920;48453272;0.673;499.9;3.62
1404;South Korea;2008;96920;48753802;0.564;503.0;3.3
1405;South Korea;2009;96920;49000481;0.445;505.6;3.11
1406;South Korea;2010;96920;49258140;0.603;508.2;3.3
1407;South Korea;2011;96920;49559043;0.615;511.3;3.05
1408;South Korea;2013;96920;50063069;0.51;516.5;2.84
1409;South Korea;2014;96920;50345320;0.614;519.5;3.0
1410;South Korea;2015;96920;50646419;0.579;522.6;2.99
1411;South Korea;2016;96920;50917040;0.487;525.4;2.98
1412;South Korea;2017;96920;51134612;0.366;527.6;2.97
1413;South Korea;2018;96920;51300396;0.282;529.3;2.96
1414;South Korea;2019;96920;51439350;0.259;530.7;2.96
1415;South Korea;2020;96920;51577174;0.276;532.2;2.95
1416;Spain;2007;498980;45211636;1.814;90.6;3.47
1417;Spain;2008;498980;45910365;1.258;92.0;3.43
1418;Spain;2009;498980;46296069;0.419;92.8;3.41
1419;Spain;2010;498980;46481463;0.38;93.2;3.39
1420;Spain;2011;498980;46648802;0.339;93.5;3.37
1421;Spain;2012;498980;46796764;0.295;93.8;3.35
1422;Spain;2013;498980;46924479;0.25;94.0;3.33
1423;Spain;2014;498980;47031569;0.206;94.3;3.3
1424;Spain;2015;498980;47118135;0.162;94.4;3.28
1425;Spain;2016;498980;47184650;0.12;94.6;3.26
1426;Spain;2017;498980;47232034;0.081;94.7;3.24
1427;Spain;2018;498980;47261555;0.044;94.7;3.22
1428;Spain;2019;498980;47274670;0.011;94.7;3.2
1429;Spain;2020;498980;47272945;-0.018;94.7;3.19
1430;Sri Lanka;2006;64630;20311049;0.991;314.3;10.96
1431;Sri Lanka;2007;64630;20507595;0.935;317.3;10.44
1432;Sri Lanka;2008;64630;20697509;0.908;320.2;10.17
1433;Sri Lanka;2009;64630;20879197;0.918;323.1;10.26
1434;Sri Lanka;2010;64630;21083218;0.949;326.2;9.93
1435;Sri Lanka;2011;64630;21282267;0.93;329.3;9.78
1436;Sri Lanka;2012;64630;21479055;0.911;332.3;9.63
1437;Sri Lanka;2013;64630;21673209;0.889;335.3;9.48
1438;Sri Lanka;2014;64630;21864322;0.867;338.3;9.33
1439;Sri Lanka;2015;64630;22052143;0.844;341.2;9.19
1440;Sri Lanka;2017;64630;22410749;0.769;346.8;8.92
1441;Sri Lanka;2018;64630;22579620;0.732;349.4;8.78
1442;Sri Lanka;2019;64630;22741278;0.695;351.9;8.65
1443;Sudan;2009;1861484;34144883;2.846;18.3;53.34
1444;Sudan;2010;1861484;34983893;2.018;18.8;52.87
1445;Sudan;2011;1861484;35683115;1.94;19.2;52.42
1446;Sudan;2012;1861484;36431189;2.206;19.6;51.96
1447;Sudan;2014;1861484;38252912;2.989;20.5;49.86
1448;Suriname;2012;156000;559868;1.207;3.6;32.54
1449;Swaziland;2011;17204;1023891;0.605;59.5;62.34
1450;Swaziland;2018;17204;1086857;0.834;63.2;46.62
1451;Swaziland;2019;17204;1095839;0.812;63.7;44.68
1452;Sweden;2007;410335;9201390;0.758;22.4;2.51
1453;Sweden;2008;410335;9273133;0.795;22.6;2.5
1454;Sweden;2009;410335;9352377;0.906;22.8;2.51
1455;Sweden;2010;410335;9432308;0.796;23.0;2.58
1456;Sweden;2011;410335;9503419;0.706;23.2;2.06
1457;Sweden;2012;410335;9573255;0.758;23.3;2.6
1458;Sweden;2013;410335;9647186;0.781;23.5;2.58
1459;Sweden;2014;410335;9722860;0.782;23.7;2.57
1460;Sweden;2015;410335;9799249;0.783;23.9;2.56
1461;Sweden;2016;410335;9876276;0.783;24.1;2.54
1462;Sweden;2017;410335;9953746;0.78;24.3;2.53
1463;Sweden;2018;410335;10031368;0.774;24.4;2.51
1464;Sweden;2019;410335;10108781;0.764;24.6;2.5
1465;Sweden;2020;410335;10185555;0.749;24.8;2.49
1466;Switzerland;2006;39997;7478652;0.437;187.0;3.97
1467;Switzerland;2009;39997;7693228;0.918;192.3;4.09
1468;Switzerland;2012;39997;7924908;0.914;198.1;3.95
1469;Switzerland;2014;39997;8059368;0.769;201.5;3.89
1470;Switzerland;2015;39997;8118683;0.697;203.0;3.86
1471;Switzerland;2016;39997;8175208;0.69;204.4;3.83
1472;Switzerland;2017;39997;8231519;0.683;205.8;3.8
1473;Switzerland;2018;39997;8287563;0.674;207.2;3.77
1474;Switzerland;2019;39997;8343256;0.665;208.6;3.74
1475;Switzerland;2020;39997;8398489;0.655;210.0;3.71
1476;Syria;2008;185887;21387154;0.668;115.1;14.54
1477;Syria;2009;185887;21710990;2.325;116.8;13.98
1478;Syria;2010;185887;22223250;2.339;119.6;13.43
1479;Syria;2011;185887;22633830;1.332;121.8;13.92
1480;Syria;2012;185887;22432681;-3.137;120.7;14.98
1481;Syria;2013;185887;21064653;-9.648;113.3;15.88
1482;Syria;2015;185887;18415482;-5.154;99.1;16.58
1483;Taiwan Province of China;2006;32260;22815797;0.447;707.2;5.32
1484;Taiwan Province of China;2008;32260;22972361;0.322;712.1;5.01
1485;Taiwan Province of China;2010;32260;23110964;0.173;716.4;4.7
1486;Tajikistan;2006;141510;6943913;1.884;49.1;45.95
1487;Tajikistan;2007;141510;7076241;1.891;50.0;44.95
1488;Tajikistan;2008;141510;7211215;1.888;51.0;43.98
1489;Tajikistan;2009;141510;7348050;1.872;51.9;43.03
1490;Tajikistan;2010;141510;7485841;1.844;52.9;42.09
1491;Tajikistan;2011;141510;7624834;1.835;53.9;41.18
1492;Tajikistan;2012;141510;7765108;1.811;54.9;40.29
1493;Tajikistan;2013;141510;7905676;1.778;55.9;39.41
1494;Tajikistan;2014;141510;8045925;1.74;56.9;38.56
1495;Tajikistan;2015;141510;8185075;1.69;57.8;37.72
1496;Tajikistan;2016;141510;8322721;1.646;58.8;36.9
1497;Tajikistan;2017;141510;8458972;1.602;59.8;36.09
1498;Tanzania;2006;885800;39840807;2.829;45.0;56.82
1499;Tanzania;2007;885800;40994332;2.879;46.3;54.87
1500;Tanzania;2008;885800;42163060;2.745;47.6;52.99
1501;Tanzania;2009;885800;43295640;2.559;48.9;51.17
1502;Tanzania;2010;885800;44520989;3.016;50.3;49.41
1503;Tanzania;2011;885800;45901397;3.089;51.8;47.71
1504;Tanzania;2012;885800;47316472;2.985;53.4;46.06
1505;Tanzania;2013;885800;48767600;3.055;55.1;44.47
1506;Tanzania;2014;885800;50275034;3.033;56.8;42.94
1507;Tanzania;2015;885800;51891917;3.293;58.6;41.46
1508;Tanzania;2016;885800;53601096;3.189;60.5;39.41
1509;Tanzania;2017;885800;55303380;3.065;62.4;37.46
1510;Tanzania;2018;885800;56982920;2.92;64.3;35.6
1511;Tanzania;2019;885800;58659971;2.881;66.2;33.84
1512;Tanzania;2020;885800;60362612;2.841;68.1;32.16
1513;Thailand;2006;510890;64501340;0.767;126.3;11.98
1514;Thailand;2007;510890;64979945;0.712;127.2;11.27
1515;Thailand;2008;510890;65430431;0.67;128.1;10.6
1516;Thailand;2009;510890;65860440;0.64;128.9;9.97
1517;Thailand;2010;510890;66271488;0.605;129.7;9.38
1518;Thailand;2011;510890;66668257;0.589;130.5;9.0
1519;Thailand;2012;510890;67045539;0.54;131.2;8.64
1520;Thailand;2013;510890;67413873;0.556;132.0;8.29
1521;Thailand;2014;510890;67760535;0.47;132.6;7.95
1522;Thailand;2015;510890;68067372;0.434;133.2;7.63
1523;Thailand;2016;510890;68346863;0.386;133.8;7.32
1524;Thailand;2017;510890;68607190;0.375;134.3;7.03
1525;Thailand;2018;510890;68854623;0.346;134.8;6.91
1526;Thailand;2019;510890;69082954;0.317;135.2;6.8
1527;Thailand;2020;510890;69291926;0.287;135.6;6.69
1528;Togo;2006;54385;5532242;3.0;101.7;64.95
1529;Togo;2008;54385;5850173;2.894;107.6;61.65
1530;Togo;2011;54385;6351967;2.782;116.8;57.01
1531;Togo;2014;54385;6902009;2.735;126.9;52.7
1532;Togo;2015;54385;7092156;2.701;130.4;51.34
1533;Togo;2016;54385;7280496;2.543;133.9;49.96
1534;Togo;2017;54385;7471768;2.642;137.4;48.61
1535;Togo;2018;54385;7670649;2.612;141.0;47.3
1536;Togo;2019;54385;7872308;2.578;144.8;45.7
1537;Trinidad and Tobago;2006;5128;1243125;-0.132;242.4;35.09
1538;Trinidad and Tobago;2008;5128;1240309;-0.096;241.9;33.46
1539;Trinidad and Tobago;2011;5128;1237351;-0.066;241.3;31.16
1540;Trinidad and Tobago;2013;5128;1235771;-0.065;241.0;29.71
1541;Trinidad and Tobago;2017;5128;1231013;-0.139;240.1;27.01
1542;Tunisia;2010;155360;10525963;1.147;67.8;15.36
1543;Tunisia;2011;155360;10647377;1.147;68.5;15.04
1544;Tunisia;2012;155360;10772441;1.188;69.3;14.73
1545;Tunisia;2013;155360;10901720;1.198;70.2;14.42
1546;Tunisia;2014;155360;11032489;1.187;71.0;14.12
1547;Tunisia;2015;155360;11161137;1.132;71.8;13.83
1548;Tunisia;2016;155360;11284841;1.073;72.6;13.55
1549;Tunisia;2017;155360;11403062;1.012;73.4;13.27
1550;Tunisia;2018;155360;11515254;0.947;74.1;13.0
1551;Tunisia;2019;155360;11620878;0.88;74.8;12.73
1552;Tunisia;2020;155360;11719458;0.81;75.4;12.47
1553;Turkey;2007;769632;72183220;1.175;93.8;28.41
1554;Turkey;2008;769632;73020415;1.132;94.9;27.69
1555;Turkey;2009;769632;73841285;1.104;95.9;27.0
1556;Turkey;2010;769632;74647083;1.066;97.0;26.32
1557;Turkey;2011;769632;75438570;1.043;98.0;25.66
1558;Turkey;2012;769632;76335994;1.32;99.2;25.01
1559;Turkey;2013;769632;77341642;1.297;100.5;24.38
1560;Turkey;2014;769632;78354942;1.306;101.8;23.77
1561;Turkey;2015;769632;79368631;1.265;103.1;23.17
1562;Turkey;2016;769632;80232150;0.901;104.2;22.59
1563;Turkey;2017;769632;80808069;0.531;105.0;22.02
1564;Turkey;2018;769632;81227582;0.505;105.5;21.47
1565;Turkey;2019;769632;81628106;0.479;106.1;20.93
1566;Turkey;2020;769632;82009212;0.453;106.6;20.4
1567;Uganda;2006;197100;27818685;2.937;141.1;64.12
1568;Uganda;2007;197100;28609591;2.673;145.2;60.55
1569;Uganda;2008;197100;29377162;2.622;149.0;57.18
1570;Uganda;2009;197100;30165171;2.671;153.0;53.99
1571;Uganda;2010;197100;31002201;2.801;157.3;50.97
1572;Uganda;2011;197100;31878849;2.776;161.7;48.31
1573;Uganda;2012;197100;32815387;3.011;166.5;45.78
1574;Uganda;2013;197100;33809510;2.958;171.5;43.39
1575;Uganda;2014;197100;34909711;3.439;177.1;41.11
1576;Uganda;2015;197100;36111900;3.334;183.2;38.95
1577;Uganda;2016;197100;37534321;4.372;190.4;37.58
1578;Uganda;2017;197100;39184992;4.238;198.8;36.26
1579;Uganda;2018;197100;40574927;2.759;205.9;34.98
1580;Uganda;2019;197100;41830731;3.328;212.2;33.75
1581;Uganda;2020;197100;43249944;3.344;219.4;32.56
1582;Ukraine;2006;579330;46685257;-0.607;80.6;10.01
1583;Ukraine;2007;579330;46406827;-0.589;80.1;11.13
1584;Ukraine;2008;579330;46155640;-0.496;79.7;10.28
1585;Ukraine;2009;579330;45950761;-0.393;79.3;9.52
1586;Ukraine;2010;579330;45768171;-0.403;79.0;9.04
1587;Ukraine;2011;579330;45603516;-0.318;78.7;9.03
1588;Ukraine;2012;579330;45491540;-0.174;78.5;8.54
1589;Ukraine;2013;579330;45388613;-0.279;78.3;8.42
1590;Ukraine;2014;579330;44943744;-1.698;77.6;8.29
1591;Ukraine;2015;579330;44428813;-0.601;76.7;8.17
1592;Ukraine;2016;579330;44207714;-0.396;76.3;8.04
1593;Ukraine;2017;579330;44029189;-0.413;76.0;7.92
1594;Ukraine;2018;579330;43943676;0.024;75.9;7.8
1595;Ukraine;2019;579330;43951400;0.011;75.9;7.68
1596;Ukraine;2020;579330;43903662;-0.228;75.8;7.57
1597;United Arab Emirates;2006;83600;4458540;20.95;53.3;8.35
1598;United Arab Emirates;2009;83600;8032709;-3.65;96.1;7.5
1599;United Arab Emirates;2010;83600;8020877;3.361;95.9;7.24
1600;United Kingdom;2007;241930;61249260;0.703;253.2;4.91
1601;United Kingdom;2008;241930;61641824;0.575;254.8;4.86
1602;United Kingdom;2009;241930;61993861;0.564;256.2;4.82
1603;United Kingdom;2010;241930;62341990;0.556;257.7;4.77
1604;United Kingdom;2011;241930;62687804;0.55;259.1;4.73
1605;United Kingdom;2012;241930;63032509;0.547;260.5;4.68
1606;United Kingdom;2013;241930;63376971;0.543;262.0;4.64
1607;United Kingdom;2014;241930;63720646;0.538;263.4;4.6
1608;United Kingdom;2015;241930;64062394;0.532;264.8;4.55
1609;United Kingdom;2016;241930;64401767;0.525;266.2;4.51
1610;United Kingdom;2017;241930;64739016;0.519;267.6;4.47
1611;United Kingdom;2018;241930;65074048;0.513;269.0;4.43
1612;United Kingdom;2019;241930;65405533;0.503;270.3;4.39
1613;United Kingdom;2020;241930;65731269;0.49;271.7;4.35
1614;United States;2008;9150541;304093966;0.9;33.2;8.1
1615;United States;2009;9150541;306771529;0.9;33.5;7.9
1616;United States;2010;9150541;309321666;0.8;33.8;8.0
1617;United States;2011;9150541;311556874;0.72;34.0;8.07
1618;United States;2012;9150541;313830990;0.73;34.3;8.1
1619;United States;2013;9150541;315993715;0.69;34.5;8.21
1620;United States;2014;9150541;318301008;0.73;34.8;8.24
1621;United States;2015;9150541;320635163;0.73;35.0;8.44
1622;United States;2016;9150541;322941311;0.72;35.3;8.49
1623;United States;2017;9150541;324985539;0.63;35.5;8.64
1624;United States;2018;9150541;326687501;0.52;35.7;8.68
1625;United States;2019;9150541;328239523;0.48;35.9;8.7
1626;United States;2020;9150541;332639102;0.71091;36.4;5.28
1627;Uruguay;2006;175015;3271310;0.232;18.7;10.55
1628;Uruguay;2007;175015;3278942;0.234;18.7;10.4
1629;Uruguay;2008;175015;3286621;0.234;18.8;10.26
1630;Uruguay;2009;175015;3294329;0.234;18.8;10.11
1631;Uruguay;2010;175015;3302078;0.236;18.9;9.97
1632;Uruguay;2011;175015;3309991;0.243;18.9;9.83
1633;Uruguay;2012;175015;3318165;0.25;19.0;9.69
1634;Uruguay;2013;175015;3326597;0.257;19.0;9.56
1635;Uruguay;2014;175015;3335299;0.265;19.1;9.42
1636;Uruguay;2015;175015;3344293;0.273;19.1;9.29
1637;Uruguay;2016;175015;3353404;0.271;19.2;9.16
1638;Uruguay;2017;175015;3362462;0.269;19.2;9.03
1639;Uruguay;2018;175015;3371478;0.267;19.3;8.91
1640;Uruguay;2019;175015;3380460;0.265;19.3;8.78
1641;Uruguay;2020;175015;3389361;0.261;19.4;8.66
1642;Uzbekistan;2006;425400;26811716;1.009;63.0;26.46
1643;Uzbekistan;2011;425400;28132073;0.941;66.1;23.89
1644;Uzbekistan;2012;425400;28398053;0.941;66.8;23.4
1645;Uzbekistan;2013;425400;28665947;0.937;67.4;22.93
1646;Uzbekistan;2014;425400;28934531;0.928;68.0;22.46
1647;Uzbekistan;2015;425400;29205359;0.935;68.7;22.01
1648;Uzbekistan;2017;425400;29755821;0.929;69.9;21.13
1649;Uzbekistan;2018;425400;30031631;0.916;70.6;20.7
1650;Uzbekistan;2019;425400;30305196;0.897;71.2;20.28
1651;Venezuela;2006;882050;26772897;1.585;30.4;17.41
1652;Venezuela;2008;882050;27819427;1.521;31.5;16.01
1653;Venezuela;2009;882050;28242367;1.496;32.0;15.35
1654;Venezuela;2010;882050;28663205;1.462;32.5;14.71
1655;Venezuela;2011;882050;29080672;1.43;33.0;14.1
1656;Venezuela;2012;882050;29486420;1.342;33.4;14.33
1657;Venezuela;2013;882050;29886014;1.35;33.9;14.56
1658;Venezuela;2014;882050;30200922;0.749;34.2;14.79
1659;Venezuela;2015;882050;30482975;1.108;34.6;17.95
1660;Venezuela;2016;882050;30757956;0.69;34.9;21.78
1661;Venezuela;2017;882050;30650761;-1.391;34.7;24.65
1662;Vietnam;2007;310070;87113791;1.263;280.9;19.95
1663;Vietnam;2008;310070;88230616;1.284;284.6;19.32
1664;Vietnam;2009;310070;89350508;1.239;288.2;18.71
1665;Vietnam;2010;310070;90458607;1.226;291.7;18.12
1666;Vietnam;2011;310070;91568196;1.212;295.3;17.83
1667;Vietnam;2012;310070;92697293;1.239;299.0;17.55
1668;Vietnam;2013;310070;93859918;1.254;302.7;17.27
1669;Vietnam;2016;310070;97355565;1.181;314.0;16.46
1670;Vietnam;2018;310070;99578720;1.093;321.1;15.94
1671;Vietnam;2019;310070;100669666;1.086;324.7;15.68
1672;Yemen;2009;527968;22533001;2.947;42.7;61.66
1673;Yemen;2010;527968;23195115;2.846;43.9;60.34
1674;Yemen;2011;527968;23880464;2.975;45.2;59.06
1675;Yemen;2012;527968;24594248;2.916;46.6;57.8
1676;Yemen;2013;527968;25310624;2.827;47.9;56.56
1677;Yemen;2014;527968;26019667;2.7;49.3;55.35
1678;Yemen;2015;527968;26698167;2.452;50.6;54.17
1679;Zambia;2006;743398;12073975;2.952;16.2;62.58
1680;Zambia;2007;743398;12449845;3.175;16.7;59.96
1681;Zambia;2008;743398;12840268;3.003;17.3;57.45
1682;Zambia;2009;743398;13232943;3.021;17.8;55.04
1683;Zambia;2011;743398;14082110;3.14;18.9;50.94
1684;Zambia;2012;743398;14518489;2.965;19.5;49.22
1685;Zambia;2013;743398;14964352;3.082;20.1;47.55
1686;Zambia;2014;743398;15433003;3.085;20.8;45.94
1687;Zambia;2015;743398;15914626;3.061;21.4;44.38
1688;Zambia;2016;743398;16408846;3.055;22.1;43.01
1689;Zambia;2017;743398;16920529;3.085;22.8;41.69
1690;Zambia;2018;743398;17445061;3.021;23.5;40.4
1691;Zambia;2019;743398;17978611;3.004;24.2;39.55
1692;Zambia;2020;743398;18523385;2.966;24.9;38.72
1693;Zimbabwe;2006;386847;12336240;1.122;31.9;59.22
1694;Zimbabwe;2007;386847;12435776;0.488;32.1;56.73
1695;Zimbabwe;2008;386847;12508721;0.681;32.3;54.34
1696;Zimbabwe;2009;386847;12606008;0.867;32.6;52.04
1697;Zimbabwe;2010;386847;12721852;0.962;32.9;49.85
1698;Zimbabwe;2011;386847;12846351;0.986;33.2;46.29
1699;Zimbabwe;2012;386847;12974906;1.006;33.5;42.98
1700;Zimbabwe;2013;386847;13107407;1.026;33.9;39.91
1701;Zimbabwe;2014;386847;13251459;1.159;34.3;37.05
1702;Zimbabwe;2015;386847;13415831;1.306;34.7;34.39
1703;Zimbabwe;2016;386847;13600605;1.429;35.2;33.54
1704;Zimbabwe;2017;386847;13805081;1.554;35.7;32.7
1705;Zimbabwe;2018;386847;14030322;1.681;36.3;31.89
1706;Zimbabwe;2019;386847;14277179;1.806;36.9;31.1
1707;Zimbabwe;2020;386847;14546146;1.926;37.6;30.32
